CustomerID,InvoiceNo,InvoiceDate,Quantity,UnitPrice,Country,StockCode,Description
1001.0,10001,2025-09-24,1,5.5,Germany,P028,Product 28
1001.0,10001,2025-09-24,8,28.67,United Kingdom,P010,Product 10
1001.0,10002,2025-08-04,5,46.21,United Kingdom,P021,Product 21
1001.0,10003,2025-06-22,6,49.9,France,P014,Product 14
1001.0,10003,2025-06-22,1,5.5,United Kingdom,P028,Product 28
1001.0,10003,2025-06-22,7,50.17,France,P019,Product 19
1001.0,10004,2025-07-30,2,10.3,France,P009,Product 9
1001.0,10004,2025-07-30,2,24.14,France,P011,Product 11
1001.0,10004,2025-07-30,1,29.6,France,P027,Product 27
1001.0,10004,2025-07-30,8,58.33,France,P023,Product 23
1001.0,10005,2025-09-09,6,46.21,Germany,P021,Product 21
1001.0,10005,2025-09-09,5,10.3,Germany,P009,Product 9
1001.0,10006,2025-05-19,2,47.81,Germany,P008,Product 8
1001.0,10007,2025-09-10,6,34.61,Germany,P017,Product 17
1001.0,10007,2025-09-10,6,47.37,Germany,P025,Product 25
1001.0,10007,2025-09-10,1,49.9,Germany,P014,Product 14
1001.0,10008,2025-10-03,4,47.12,France,P001,Product 1
1001.0,10008,2025-10-03,2,6.64,United Kingdom,P018,Product 18
1001.0,10009,2025-07-25,9,47.12,United Kingdom,P001,Product 1
1001.0,10009,2025-07-25,4,47.37,Germany,P025,Product 25
1001.0,10009,2025-07-25,2,46.38,Germany,P007,Product 7
1001.0,10009,2025-07-25,5,53.91,France,P024,Product 24
1001.0,10010,2025-11-08,2,11.79,Germany,P029,Product 29
1001.0,10010,2025-11-08,1,55.83,United Kingdom,P012,Product 12
1001.0,10010,2025-11-08,1,39.7,France,P013,Product 13
1001.0,10011,2025-09-20,9,39.7,United Kingdom,P013,Product 13
1001.0,10011,2025-09-20,5,46.21,France,P021,Product 21
1001.0,10011,2025-09-20,5,8.37,Germany,P005,Product 5
1001.0,10012,2025-06-11,6,46.38,Germany,P007,Product 7
1001.0,10012,2025-06-11,4,28.67,France,P010,Product 10
1002.0,10013,2024-04-18,9,28.27,United Kingdom,P015,Product 15
1002.0,10013,2024-04-18,8,46.21,United Kingdom,P021,Product 21
1002.0,10013,2024-04-18,7,28.67,France,P010,Product 10
1002.0,10013,2024-04-18,5,14.09,France,P026,Product 26
1003.0,10014,2024-08-15,6,46.38,Germany,P007,Product 7
1003.0,10014,2024-08-15,2,39.7,Germany,P013,Product 13
1003.0,10014,2024-08-15,8,42.75,United Kingdom,P004,Product 4
1003.0,10014,2024-08-15,7,46.21,Germany,P021,Product 21
1004.0,10015,2025-03-19,1,42.75,France,P004,Product 4
1004.0,10015,2025-03-19,4,51.94,France,P003,Product 3
1004.0,10015,2025-03-19,1,34.61,United Kingdom,P017,Product 17
1004.0,10016,2025-04-21,6,28.67,United Kingdom,P010,Product 10
1005.0,10017,2025-01-18,6,41.93,Germany,P030,Product 30
1005.0,10017,2025-01-18,3,8.37,United Kingdom,P005,Product 5
1005.0,10017,2025-01-18,2,10.3,France,P009,Product 9
1005.0,10017,2025-01-18,4,29.6,Germany,P027,Product 27
1005.0,10018,2025-03-25,9,28.27,United Kingdom,P015,Product 15
1005.0,10018,2025-03-25,6,28.02,Germany,P002,Product 2
1005.0,10018,2025-03-25,5,51.94,France,P003,Product 3
1005.0,10018,2025-03-25,3,47.81,France,P008,Product 8
1005.0,10019,2025-02-28,4,47.37,France,P025,Product 25
1005.0,10019,2025-02-28,1,49.9,France,P014,Product 14
1005.0,10019,2025-02-28,5,28.27,United Kingdom,P015,Product 15
1006.0,10020,2024-09-19,7,10.3,France,P009,Product 9
1006.0,10020,2024-09-19,9,42.75,France,P004,Product 4
1006.0,10020,2024-09-19,3,50.17,United Kingdom,P019,Product 19
1007.0,10021,2025-05-10,2,28.02,Germany,P002,Product 2
1008.0,10022,2024-12-27,2,11.79,France,P029,Product 29
1008.0,10022,2024-12-27,6,53.91,United Kingdom,P024,Product 24
1008.0,10023,2025-02-10,2,47.81,Germany,P008,Product 8
1008.0,10023,2025-02-10,1,14.09,United Kingdom,P026,Product 26
1008.0,10023,2025-02-10,4,41.93,France,P030,Product 30
1008.0,10024,2025-04-18,1,29.6,France,P027,Product 27
1008.0,10025,2025-03-23,7,15.95,Germany,P016,Product 16
1008.0,10025,2025-03-23,6,42.75,Germany,P004,Product 4
1008.0,10025,2025-03-23,4,46.38,France,P007,Product 7
1008.0,10025,2025-03-23,1,14.09,France,P026,Product 26
1008.0,10026,2025-03-05,9,47.81,United Kingdom,P008,Product 8
1008.0,10026,2025-03-05,1,47.12,United Kingdom,P001,Product 1
1009.0,10027,2024-07-04,1,58.61,United Kingdom,P006,Product 6
1009.0,10027,2024-07-04,3,24.14,United Kingdom,P011,Product 11
1009.0,10027,2024-07-04,9,6.64,France,P018,Product 18
1010.0,10028,2024-12-13,2,11.79,United Kingdom,P029,Product 29
1010.0,10028,2024-12-13,3,8.37,United Kingdom,P005,Product 5
1010.0,10029,2024-06-25,7,5.5,France,P028,Product 28
1010.0,10029,2024-06-25,6,10.3,Germany,P009,Product 9
1010.0,10029,2024-06-25,2,42.75,France,P004,Product 4
1011.0,10030,2025-03-25,9,49.9,United Kingdom,P014,Product 14
1011.0,10030,2025-03-25,4,42.75,France,P004,Product 4
1011.0,10030,2025-03-25,3,53.91,United Kingdom,P024,Product 24
1011.0,10031,2025-06-05,9,11.79,France,P029,Product 29
1011.0,10031,2025-06-05,5,50.17,United Kingdom,P019,Product 19
1011.0,10031,2025-06-05,6,28.67,Germany,P010,Product 10
1011.0,10032,2025-04-05,4,23.21,United Kingdom,P022,Product 22
1011.0,10032,2025-04-05,9,42.75,United Kingdom,P004,Product 4
1011.0,10032,2025-04-05,6,53.91,United Kingdom,P024,Product 24
1012.0,10033,2025-08-03,1,50.17,Germany,P019,Product 19
1012.0,10033,2025-08-03,1,53.91,United Kingdom,P024,Product 24
1012.0,10034,2025-10-14,4,49.9,Germany,P014,Product 14
1012.0,10034,2025-10-14,7,53.91,Germany,P024,Product 24
1012.0,10035,2025-11-01,4,39.7,United Kingdom,P013,Product 13
1012.0,10035,2025-11-01,6,10.3,France,P009,Product 9
1012.0,10035,2025-11-01,8,34.61,United Kingdom,P017,Product 17
1012.0,10035,2025-11-01,5,46.21,Germany,P021,Product 21
1012.0,10036,2025-07-01,8,46.38,France,P007,Product 7
1012.0,10036,2025-07-01,9,41.93,United Kingdom,P030,Product 30
1012.0,10037,2025-10-23,6,28.27,Germany,P015,Product 15
1013.0,10038,2024-05-15,9,29.6,Germany,P027,Product 27
1013.0,10038,2024-05-15,2,8.37,United Kingdom,P005,Product 5
1013.0,10039,2024-05-09,7,42.75,United Kingdom,P004,Product 4
1013.0,10039,2024-05-09,2,8.37,United Kingdom,P005,Product 5
1013.0,10039,2024-05-09,8,49.9,United Kingdom,P014,Product 14
1013.0,10040,2024-06-04,3,28.27,France,P015,Product 15
1013.0,10040,2024-06-04,5,47.37,France,P025,Product 25
1013.0,10040,2024-06-04,8,39.0,France,P020,Product 20
1013.0,10041,2024-08-19,3,28.27,United Kingdom,P015,Product 15
1013.0,10041,2024-08-19,6,28.02,Germany,P002,Product 2
1013.0,10041,2024-08-19,9,58.61,Germany,P006,Product 6
1013.0,10042,2024-05-08,4,47.12,France,P001,Product 1
1014.0,10043,2024-10-25,8,5.5,France,P028,Product 28
1014.0,10043,2024-10-25,9,28.02,United Kingdom,P002,Product 2
1014.0,10043,2024-10-25,9,51.94,United Kingdom,P003,Product 3
1014.0,10043,2024-10-25,8,55.83,Germany,P012,Product 12
1015.0,10044,2025-06-14,8,39.0,France,P020,Product 20
1015.0,10044,2025-06-14,5,53.91,France,P024,Product 24
1015.0,10044,2025-06-14,4,34.61,France,P017,Product 17
1015.0,10044,2025-06-14,6,42.75,United Kingdom,P004,Product 4
1015.0,10045,2025-04-12,4,8.37,Germany,P005,Product 5
1015.0,10046,2025-03-25,4,46.38,Germany,P007,Product 7
1015.0,10046,2025-03-25,4,6.64,France,P018,Product 18
1016.0,10047,2024-07-27,9,46.38,France,P007,Product 7
1016.0,10047,2024-07-27,5,10.3,France,P009,Product 9
1016.0,10047,2024-07-27,3,53.91,Germany,P024,Product 24
1016.0,10048,2024-09-29,7,58.33,Germany,P023,Product 23
1016.0,10048,2024-09-29,1,50.17,United Kingdom,P019,Product 19
1016.0,10048,2024-09-29,2,49.9,France,P014,Product 14
1016.0,10048,2024-09-29,1,46.38,United Kingdom,P007,Product 7
1017.0,10049,2025-03-23,6,39.0,United Kingdom,P020,Product 20
1017.0,10049,2025-03-23,5,6.64,France,P018,Product 18
1017.0,10049,2025-03-23,7,29.6,United Kingdom,P027,Product 27
1017.0,10049,2025-03-23,9,42.75,France,P004,Product 4
1017.0,10050,2024-12-18,9,24.14,United Kingdom,P011,Product 11
1017.0,10050,2024-12-18,3,34.61,France,P017,Product 17
1017.0,10050,2024-12-18,6,39.7,United Kingdom,P013,Product 13
1017.0,10050,2024-12-18,1,53.91,Germany,P024,Product 24
1017.0,10051,2025-03-08,2,58.61,Germany,P006,Product 6
1017.0,10052,2024-11-19,7,49.9,France,P014,Product 14
1017.0,10052,2024-11-19,8,46.21,Germany,P021,Product 21
1017.0,10052,2024-11-19,5,11.79,United Kingdom,P029,Product 29
1017.0,10053,2025-03-05,8,5.5,United Kingdom,P028,Product 28
1018.0,10054,2025-03-21,9,23.21,France,P022,Product 22
1018.0,10054,2025-03-21,2,39.0,France,P020,Product 20
1019.0,10055,2025-03-30,3,47.81,United Kingdom,P008,Product 8
1019.0,10055,2025-03-30,9,46.21,United Kingdom,P021,Product 21
1019.0,10055,2025-03-30,1,53.91,France,P024,Product 24
1019.0,10055,2025-03-30,5,6.64,Germany,P018,Product 18
1019.0,10056,2025-06-10,5,23.21,France,P022,Product 22
1019.0,10056,2025-06-10,9,42.75,Germany,P004,Product 4
1019.0,10057,2025-06-18,1,49.9,France,P014,Product 14
1019.0,10057,2025-06-18,8,55.83,France,P012,Product 12
1019.0,10057,2025-06-18,4,8.37,United Kingdom,P005,Product 5
1019.0,10058,2025-03-18,7,42.75,Germany,P004,Product 4
1019.0,10058,2025-03-18,1,53.91,United Kingdom,P024,Product 24
1019.0,10058,2025-03-18,5,41.93,France,P030,Product 30
1019.0,10058,2025-03-18,8,6.64,Germany,P018,Product 18
1019.0,10059,2025-03-23,7,39.7,France,P013,Product 13
1019.0,10059,2025-03-23,5,11.79,United Kingdom,P029,Product 29
1019.0,10059,2025-03-23,4,47.12,France,P001,Product 1
1019.0,10059,2025-03-23,1,10.3,France,P009,Product 9
1019.0,10060,2025-06-01,1,14.09,Germany,P026,Product 26
1019.0,10060,2025-06-01,9,58.33,United Kingdom,P023,Product 23
1019.0,10061,2025-05-28,6,39.0,United Kingdom,P020,Product 20
1019.0,10062,2025-05-31,7,47.81,France,P008,Product 8
1019.0,10062,2025-05-31,2,41.93,United Kingdom,P030,Product 30
1019.0,10062,2025-05-31,9,53.91,United Kingdom,P024,Product 24
1019.0,10062,2025-05-31,6,47.12,France,P001,Product 1
1020.0,10063,2024-02-17,6,47.37,France,P025,Product 25
1021.0,10064,2025-04-28,7,28.02,France,P002,Product 2
1021.0,10064,2025-04-28,7,46.38,France,P007,Product 7
1021.0,10064,2025-04-28,8,39.0,Germany,P020,Product 20
1021.0,10064,2025-04-28,1,47.37,Germany,P025,Product 25
1022.0,10065,2024-08-21,8,34.61,Germany,P017,Product 17
1022.0,10065,2024-08-21,2,15.95,France,P016,Product 16
1022.0,10065,2024-08-21,7,23.21,United Kingdom,P022,Product 22
1023.0,10066,2024-05-01,1,28.27,United Kingdom,P015,Product 15
1023.0,10066,2024-05-01,6,58.33,United Kingdom,P023,Product 23
1023.0,10066,2024-05-01,1,11.79,United Kingdom,P029,Product 29
1024.0,10067,2025-07-05,1,55.83,France,P012,Product 12
1024.0,10068,2025-05-25,5,6.64,France,P018,Product 18
1024.0,10068,2025-05-25,3,11.79,Germany,P029,Product 29
1024.0,10069,2025-09-26,3,39.7,Germany,P013,Product 13
1024.0,10069,2025-09-26,6,8.37,Germany,P005,Product 5
1024.0,10069,2025-09-26,7,47.81,United Kingdom,P008,Product 8
1025.0,10070,2025-01-13,5,49.9,France,P014,Product 14
1025.0,10071,2025-02-26,1,42.75,United Kingdom,P004,Product 4
1025.0,10071,2025-02-26,6,41.93,Germany,P030,Product 30
1025.0,10071,2025-02-26,8,11.79,Germany,P029,Product 29
1025.0,10071,2025-02-26,4,39.7,Germany,P013,Product 13
1025.0,10072,2025-06-08,2,8.37,France,P005,Product 5
1025.0,10072,2025-06-08,6,39.7,Germany,P013,Product 13
1025.0,10073,2025-02-11,1,28.27,Germany,P015,Product 15
1025.0,10073,2025-02-11,4,39.7,Germany,P013,Product 13
1025.0,10073,2025-02-11,6,47.12,France,P001,Product 1
1025.0,10073,2025-02-11,5,10.3,Germany,P009,Product 9
1025.0,10074,2025-03-31,5,28.67,United Kingdom,P010,Product 10
1025.0,10074,2025-03-31,4,6.64,Germany,P018,Product 18
1025.0,10074,2025-03-31,6,47.81,Germany,P008,Product 8
1025.0,10075,2025-02-18,8,23.21,Germany,P022,Product 22
1025.0,10075,2025-02-18,7,58.33,Germany,P023,Product 23
1025.0,10075,2025-02-18,3,49.9,France,P014,Product 14
1025.0,10075,2025-02-18,3,34.61,United Kingdom,P017,Product 17
1025.0,10076,2025-03-19,8,28.02,France,P002,Product 2
1025.0,10076,2025-03-19,1,49.9,United Kingdom,P014,Product 14
1025.0,10076,2025-03-19,3,42.75,Germany,P004,Product 4
1025.0,10076,2025-03-19,4,24.14,Germany,P011,Product 11
1025.0,10077,2025-01-16,4,28.02,France,P002,Product 2
1025.0,10077,2025-01-16,7,10.3,France,P009,Product 9
1025.0,10077,2025-01-16,4,58.33,Germany,P023,Product 23
1026.0,10078,2025-02-13,1,42.75,France,P004,Product 4
1026.0,10078,2025-02-13,5,24.14,France,P011,Product 11
1026.0,10078,2025-02-13,4,28.27,United Kingdom,P015,Product 15
1026.0,10079,2025-06-04,6,8.37,Germany,P005,Product 5
1026.0,10079,2025-06-04,1,58.33,France,P023,Product 23
1026.0,10079,2025-06-04,2,46.21,France,P021,Product 21
1026.0,10080,2025-04-21,4,23.21,France,P022,Product 22
1026.0,10080,2025-04-21,9,8.37,France,P005,Product 5
1027.0,10081,2025-09-09,3,15.95,United Kingdom,P016,Product 16
1027.0,10081,2025-09-09,8,29.6,France,P027,Product 27
1027.0,10081,2025-09-09,1,8.37,Germany,P005,Product 5
1027.0,10081,2025-09-09,5,50.17,Germany,P019,Product 19
1027.0,10082,2025-11-13,2,28.67,United Kingdom,P010,Product 10
1027.0,10083,2025-11-11,9,58.61,Germany,P006,Product 6
1027.0,10083,2025-11-11,7,46.38,Germany,P007,Product 7
1027.0,10083,2025-11-11,1,28.02,United Kingdom,P002,Product 2
1027.0,10083,2025-11-11,3,6.64,United Kingdom,P018,Product 18
1027.0,10084,2025-10-30,7,53.91,Germany,P024,Product 24
1027.0,10084,2025-10-30,1,39.0,France,P020,Product 20
1027.0,10084,2025-10-30,4,34.61,France,P017,Product 17
1027.0,10084,2025-10-30,5,6.64,France,P018,Product 18
1027.0,10085,2025-07-31,4,58.33,Germany,P023,Product 23
1027.0,10085,2025-07-31,4,28.67,France,P010,Product 10
1027.0,10085,2025-07-31,3,49.9,Germany,P014,Product 14
1027.0,10085,2025-07-31,2,15.95,France,P016,Product 16
1028.0,10086,2024-09-25,6,28.27,Germany,P015,Product 15
1028.0,10086,2024-09-25,4,47.12,United Kingdom,P001,Product 1
1028.0,10086,2024-09-25,1,42.75,Germany,P004,Product 4
1028.0,10086,2024-09-25,3,5.5,United Kingdom,P028,Product 28
1028.0,10087,2024-09-10,9,50.17,France,P019,Product 19
1029.0,10088,2024-09-24,7,47.12,Germany,P001,Product 1
1029.0,10088,2024-09-24,6,39.7,France,P013,Product 13
1029.0,10088,2024-09-24,9,15.95,France,P016,Product 16
1029.0,10089,2024-12-19,3,39.7,France,P013,Product 13
1029.0,10089,2024-12-19,6,58.33,France,P023,Product 23
1029.0,10089,2024-12-19,5,5.5,France,P028,Product 28
1029.0,10089,2024-12-19,1,39.0,United Kingdom,P020,Product 20
1030.0,10090,2025-02-08,1,15.95,France,P016,Product 16
1030.0,10090,2025-02-08,2,39.0,United Kingdom,P020,Product 20
1030.0,10090,2025-02-08,8,5.5,France,P028,Product 28
1030.0,10091,2025-03-23,1,24.14,Germany,P011,Product 11
1030.0,10091,2025-03-23,7,47.12,France,P001,Product 1
1030.0,10091,2025-03-23,5,6.64,France,P018,Product 18
1031.0,10092,2025-08-13,5,55.83,Germany,P012,Product 12
1031.0,10092,2025-08-13,8,53.91,United Kingdom,P024,Product 24
1031.0,10092,2025-08-13,9,46.38,Germany,P007,Product 7
1031.0,10092,2025-08-13,8,51.94,United Kingdom,P003,Product 3
1031.0,10093,2025-06-22,9,55.83,United Kingdom,P012,Product 12
1032.0,10094,2024-08-06,4,39.0,France,P020,Product 20
1032.0,10094,2024-08-06,4,50.17,United Kingdom,P019,Product 19
1032.0,10094,2024-08-06,9,58.33,United Kingdom,P023,Product 23
1032.0,10094,2024-08-06,1,47.12,Germany,P001,Product 1
1032.0,10095,2024-08-29,1,55.83,France,P012,Product 12
1032.0,10095,2024-08-29,4,15.95,France,P016,Product 16
1032.0,10095,2024-08-29,9,5.5,Germany,P028,Product 28
1032.0,10095,2024-08-29,7,47.12,United Kingdom,P001,Product 1
1032.0,10096,2024-08-29,8,15.95,France,P016,Product 16
1032.0,10096,2024-08-29,9,47.37,United Kingdom,P025,Product 25
1033.0,10097,2025-05-04,5,10.3,France,P009,Product 9
1033.0,10098,2025-06-22,1,46.21,France,P021,Product 21
1034.0,10099,2024-09-17,2,28.27,United Kingdom,P015,Product 15
1034.0,10099,2024-09-17,6,50.17,United Kingdom,P019,Product 19
1034.0,10099,2024-09-17,9,5.5,France,P028,Product 28
1034.0,10099,2024-09-17,7,10.3,France,P009,Product 9
1034.0,10100,2024-10-18,5,55.83,France,P012,Product 12
1034.0,10101,2024-08-11,4,8.37,United Kingdom,P005,Product 5
1034.0,10101,2024-08-11,1,28.67,Germany,P010,Product 10
1035.0,10102,2024-06-12,4,5.5,Germany,P028,Product 28
1035.0,10102,2024-06-12,4,39.0,France,P020,Product 20
1036.0,10103,2025-08-30,3,10.3,Germany,P009,Product 9
1036.0,10103,2025-08-30,3,5.5,France,P028,Product 28
1036.0,10103,2025-08-30,9,24.14,United Kingdom,P011,Product 11
1036.0,10104,2025-09-04,8,46.38,United Kingdom,P007,Product 7
1036.0,10104,2025-09-04,3,50.17,United Kingdom,P019,Product 19
1036.0,10104,2025-09-04,2,46.21,United Kingdom,P021,Product 21
1036.0,10104,2025-09-04,4,6.64,France,P018,Product 18
1036.0,10105,2025-06-01,8,34.61,Germany,P017,Product 17
1036.0,10105,2025-06-01,8,28.02,Germany,P002,Product 2
1036.0,10106,2025-08-18,7,6.64,France,P018,Product 18
1036.0,10106,2025-08-18,3,29.6,France,P027,Product 27
1036.0,10106,2025-08-18,5,39.7,United Kingdom,P013,Product 13
1036.0,10106,2025-08-18,2,11.79,Germany,P029,Product 29
1036.0,10107,2025-07-28,6,39.7,United Kingdom,P013,Product 13
1037.0,10108,2025-11-14,9,8.37,France,P005,Product 5
1037.0,10108,2025-11-14,1,28.02,United Kingdom,P002,Product 2
1037.0,10109,2025-06-06,6,47.81,United Kingdom,P008,Product 8
1038.0,10110,2025-09-04,7,11.79,United Kingdom,P029,Product 29
1038.0,10110,2025-09-04,9,14.09,France,P026,Product 26
1038.0,10110,2025-09-04,5,28.02,United Kingdom,P002,Product 2
1038.0,10110,2025-09-04,9,10.3,United Kingdom,P009,Product 9
1038.0,10111,2025-09-11,1,39.7,United Kingdom,P013,Product 13
1038.0,10111,2025-09-11,2,46.38,Germany,P007,Product 7
1039.0,10112,2025-04-29,4,28.27,Germany,P015,Product 15
1039.0,10112,2025-04-29,8,47.12,Germany,P001,Product 1
1039.0,10112,2025-04-29,8,47.81,Germany,P008,Product 8
1040.0,10113,2024-09-04,5,5.5,France,P028,Product 28
1040.0,10114,2024-09-19,3,58.33,France,P023,Product 23
1040.0,10114,2024-09-19,5,46.38,United Kingdom,P007,Product 7
1041.0,10115,2024-12-15,6,8.37,United Kingdom,P005,Product 5
1041.0,10116,2024-11-20,9,47.12,United Kingdom,P001,Product 1
1041.0,10117,2024-09-25,5,8.37,United Kingdom,P005,Product 5
1041.0,10117,2024-09-25,1,58.33,Germany,P023,Product 23
1041.0,10117,2024-09-25,3,47.12,Germany,P001,Product 1
1041.0,10117,2024-09-25,7,58.61,France,P006,Product 6
1042.0,10118,2024-09-23,9,6.64,France,P018,Product 18
1042.0,10118,2024-09-23,3,49.9,United Kingdom,P014,Product 14
1042.0,10118,2024-09-23,3,8.37,France,P005,Product 5
1042.0,10119,2025-01-01,9,11.79,United Kingdom,P029,Product 29
1042.0,10119,2025-01-01,4,50.17,France,P019,Product 19
1042.0,10120,2025-02-16,5,28.67,France,P010,Product 10
1042.0,10121,2024-10-13,3,10.3,France,P009,Product 9
1042.0,10121,2024-10-13,1,15.95,France,P016,Product 16
1042.0,10121,2024-10-13,1,46.38,France,P007,Product 7
1042.0,10122,2024-11-24,6,23.21,France,P022,Product 22
1042.0,10122,2024-11-24,8,47.12,France,P001,Product 1
1043.0,10123,2024-10-21,2,29.6,Germany,P027,Product 27
1043.0,10124,2024-07-23,2,53.91,France,P024,Product 24
1044.0,10125,2025-05-31,1,47.81,Germany,P008,Product 8
1044.0,10125,2025-05-31,9,11.79,Germany,P029,Product 29
1044.0,10125,2025-05-31,6,42.75,Germany,P004,Product 4
1045.0,10126,2024-03-25,1,8.37,Germany,P005,Product 5
1045.0,10126,2024-03-25,6,15.95,United Kingdom,P016,Product 16
1045.0,10126,2024-03-25,3,50.17,Germany,P019,Product 19
1045.0,10126,2024-03-25,6,55.83,France,P012,Product 12
1045.0,10127,2024-08-06,1,47.12,Germany,P001,Product 1
1045.0,10128,2024-04-06,8,14.09,France,P026,Product 26
1045.0,10129,2024-04-23,7,34.61,France,P017,Product 17
1045.0,10129,2024-04-23,5,6.64,France,P018,Product 18
1045.0,10129,2024-04-23,7,58.61,Germany,P006,Product 6
1045.0,10130,2024-04-26,1,39.0,United Kingdom,P020,Product 20
1045.0,10130,2024-04-26,8,8.37,Germany,P005,Product 5
1045.0,10130,2024-04-26,5,5.5,Germany,P028,Product 28
1045.0,10130,2024-04-26,4,39.7,France,P013,Product 13
1045.0,10131,2024-03-25,4,8.37,France,P005,Product 5
1045.0,10131,2024-03-25,3,47.37,United Kingdom,P025,Product 25
1045.0,10131,2024-03-25,7,50.17,United Kingdom,P019,Product 19
1045.0,10131,2024-03-25,9,55.83,France,P012,Product 12
1045.0,10132,2024-09-02,8,46.38,Germany,P007,Product 7
1045.0,10132,2024-09-02,4,58.61,Germany,P006,Product 6
1045.0,10132,2024-09-02,5,28.67,United Kingdom,P010,Product 10
1045.0,10132,2024-09-02,7,28.27,Germany,P015,Product 15
1045.0,10133,2024-07-18,8,6.64,France,P018,Product 18
1045.0,10133,2024-07-18,7,23.21,France,P022,Product 22
1045.0,10133,2024-07-18,8,5.5,France,P028,Product 28
1046.0,10134,2024-10-15,2,49.9,France,P014,Product 14
1046.0,10134,2024-10-15,9,23.21,Germany,P022,Product 22
1047.0,10135,2025-07-17,6,55.83,Germany,P012,Product 12
1047.0,10135,2025-07-17,4,28.67,Germany,P010,Product 10
1047.0,10135,2025-07-17,1,50.17,Germany,P019,Product 19
1047.0,10136,2025-06-21,4,28.02,France,P002,Product 2
1047.0,10136,2025-06-21,2,49.9,United Kingdom,P014,Product 14
1047.0,10136,2025-06-21,2,58.61,United Kingdom,P006,Product 6
1047.0,10136,2025-06-21,7,5.5,United Kingdom,P028,Product 28
1047.0,10137,2025-05-10,7,11.79,United Kingdom,P029,Product 29
1047.0,10138,2025-04-14,7,28.27,Germany,P015,Product 15
1047.0,10139,2025-08-15,9,28.27,United Kingdom,P015,Product 15
1047.0,10139,2025-08-15,5,10.3,Germany,P009,Product 9
1047.0,10140,2025-03-20,1,47.81,United Kingdom,P008,Product 8
1047.0,10140,2025-03-20,5,49.9,United Kingdom,P014,Product 14
1047.0,10141,2025-08-29,7,39.0,Germany,P020,Product 20
1047.0,10142,2025-08-16,3,47.81,United Kingdom,P008,Product 8
1048.0,10143,2024-08-01,9,14.09,Germany,P026,Product 26
1048.0,10143,2024-08-01,1,46.21,Germany,P021,Product 21
1048.0,10143,2024-08-01,2,41.93,France,P030,Product 30
1048.0,10143,2024-08-01,3,42.75,United Kingdom,P004,Product 4
1048.0,10144,2024-09-15,7,51.94,Germany,P003,Product 3
1048.0,10144,2024-09-15,4,47.37,Germany,P025,Product 25
1048.0,10145,2024-09-09,3,51.94,Germany,P003,Product 3
1048.0,10146,2024-07-06,4,14.09,Germany,P026,Product 26
1048.0,10147,2024-09-10,4,46.21,United Kingdom,P021,Product 21
1048.0,10147,2024-09-10,7,14.09,United Kingdom,P026,Product 26
1048.0,10147,2024-09-10,7,10.3,United Kingdom,P009,Product 9
1049.0,10148,2024-07-03,9,46.38,France,P007,Product 7
1049.0,10149,2024-05-09,6,47.81,United Kingdom,P008,Product 8
1049.0,10149,2024-05-09,6,58.61,Germany,P006,Product 6
1049.0,10150,2024-05-02,7,58.61,United Kingdom,P006,Product 6
1049.0,10150,2024-05-02,8,47.81,Germany,P008,Product 8
1049.0,10151,2024-09-25,3,15.95,United Kingdom,P016,Product 16
1049.0,10151,2024-09-25,3,28.67,United Kingdom,P010,Product 10
1049.0,10151,2024-09-25,1,41.93,France,P030,Product 30
1049.0,10152,2024-05-04,5,28.67,Germany,P010,Product 10
1049.0,10152,2024-05-04,5,47.12,France,P001,Product 1
1049.0,10152,2024-05-04,4,15.95,Germany,P016,Product 16
1049.0,10152,2024-05-04,2,23.21,Germany,P022,Product 22
1049.0,10153,2024-05-13,1,11.79,Germany,P029,Product 29
1049.0,10154,2024-09-18,3,8.37,France,P005,Product 5
1049.0,10154,2024-09-18,1,24.14,Germany,P011,Product 11
1049.0,10154,2024-09-18,2,42.75,United Kingdom,P004,Product 4
1049.0,10154,2024-09-18,9,34.61,United Kingdom,P017,Product 17
1049.0,10155,2024-06-17,6,34.61,United Kingdom,P017,Product 17
1049.0,10155,2024-06-17,8,49.9,France,P014,Product 14
1049.0,10155,2024-06-17,2,41.93,France,P030,Product 30
1049.0,10155,2024-06-17,8,51.94,France,P003,Product 3
1050.0,10156,2024-10-11,1,39.0,France,P020,Product 20
1050.0,10156,2024-10-11,6,34.61,Germany,P017,Product 17
1050.0,10156,2024-10-11,1,28.67,France,P010,Product 10
1050.0,10156,2024-10-11,6,47.37,France,P025,Product 25
1051.0,10157,2025-04-29,5,10.3,France,P009,Product 9
1051.0,10157,2025-04-29,3,39.7,United Kingdom,P013,Product 13
1051.0,10157,2025-04-29,8,39.0,United Kingdom,P020,Product 20
1051.0,10158,2025-06-01,2,42.75,France,P004,Product 4
1051.0,10158,2025-06-01,6,53.91,Germany,P024,Product 24
1051.0,10159,2025-05-31,6,5.5,United Kingdom,P028,Product 28
1051.0,10160,2025-06-04,6,46.21,United Kingdom,P021,Product 21
1051.0,10160,2025-06-04,5,28.67,Germany,P010,Product 10
1051.0,10160,2025-06-04,9,49.9,Germany,P014,Product 14
1051.0,10161,2025-05-22,6,8.37,United Kingdom,P005,Product 5
1051.0,10161,2025-05-22,9,51.94,Germany,P003,Product 3
1051.0,10161,2025-05-22,3,46.21,France,P021,Product 21
1051.0,10162,2025-08-03,6,47.81,United Kingdom,P008,Product 8
1051.0,10162,2025-08-03,3,49.9,Germany,P014,Product 14
1051.0,10162,2025-08-03,9,11.79,France,P029,Product 29
1051.0,10163,2025-05-26,2,46.21,France,P021,Product 21
1051.0,10163,2025-05-26,6,55.83,Germany,P012,Product 12
1051.0,10163,2025-05-26,7,39.7,France,P013,Product 13
1051.0,10164,2025-05-20,4,39.0,France,P020,Product 20
1051.0,10164,2025-05-20,4,58.61,Germany,P006,Product 6
1052.0,10165,2025-01-20,7,28.67,United Kingdom,P010,Product 10
1053.0,10166,2025-02-11,3,29.6,France,P027,Product 27
1053.0,10167,2025-01-23,9,53.91,France,P024,Product 24
1053.0,10168,2025-05-03,7,5.5,United Kingdom,P028,Product 28
1054.0,10169,2024-07-25,3,10.3,United Kingdom,P009,Product 9
1055.0,10170,2025-05-12,5,11.79,Germany,P029,Product 29
1055.0,10171,2025-05-05,1,6.64,United Kingdom,P018,Product 18
1055.0,10171,2025-05-05,7,58.33,France,P023,Product 23
1055.0,10171,2025-05-05,5,14.09,Germany,P026,Product 26
1055.0,10171,2025-05-05,4,34.61,France,P017,Product 17
1055.0,10172,2025-04-07,4,34.61,France,P017,Product 17
1055.0,10173,2025-06-05,3,34.61,United Kingdom,P017,Product 17
1055.0,10173,2025-06-05,8,24.14,Germany,P011,Product 11
1055.0,10173,2025-06-05,7,39.7,Germany,P013,Product 13
1055.0,10173,2025-06-05,4,58.61,Germany,P006,Product 6
1055.0,10174,2025-05-25,9,47.81,France,P008,Product 8
1055.0,10174,2025-05-25,9,53.91,United Kingdom,P024,Product 24
1055.0,10175,2025-05-30,1,23.21,Germany,P022,Product 22
1055.0,10175,2025-05-30,6,47.12,Germany,P001,Product 1
1055.0,10175,2025-05-30,7,29.6,United Kingdom,P027,Product 27
1055.0,10175,2025-05-30,6,41.93,Germany,P030,Product 30
1055.0,10176,2025-04-23,6,47.81,Germany,P008,Product 8
1055.0,10176,2025-04-23,4,10.3,United Kingdom,P009,Product 9
1055.0,10177,2025-02-07,4,14.09,United Kingdom,P026,Product 26
1055.0,10177,2025-02-07,1,58.33,Germany,P023,Product 23
1055.0,10177,2025-02-07,5,10.3,France,P009,Product 9
1056.0,10178,2024-08-11,5,6.64,France,P018,Product 18
1056.0,10178,2024-08-11,3,42.75,United Kingdom,P004,Product 4
1056.0,10178,2024-08-11,9,23.21,United Kingdom,P022,Product 22
1057.0,10179,2024-03-31,6,10.3,France,P009,Product 9
1057.0,10179,2024-03-31,3,50.17,United Kingdom,P019,Product 19
1057.0,10179,2024-03-31,5,11.79,France,P029,Product 29
1057.0,10179,2024-03-31,3,14.09,Germany,P026,Product 26
1057.0,10180,2024-04-05,8,23.21,Germany,P022,Product 22
1057.0,10181,2024-02-15,5,39.7,Germany,P013,Product 13
1058.0,10182,2024-08-09,1,11.79,United Kingdom,P029,Product 29
1058.0,10182,2024-08-09,7,47.12,France,P001,Product 1
1058.0,10182,2024-08-09,2,6.64,France,P018,Product 18
1058.0,10182,2024-08-09,3,41.93,United Kingdom,P030,Product 30
1058.0,10183,2024-07-03,1,39.7,Germany,P013,Product 13
1058.0,10183,2024-07-03,7,58.61,France,P006,Product 6
1058.0,10184,2024-07-13,9,58.33,France,P023,Product 23
1058.0,10184,2024-07-13,9,46.21,Germany,P021,Product 21
1059.0,10185,2024-09-27,3,28.27,United Kingdom,P015,Product 15
1059.0,10185,2024-09-27,6,8.37,France,P005,Product 5
1059.0,10185,2024-09-27,9,58.33,United Kingdom,P023,Product 23
1059.0,10186,2024-09-28,5,28.67,United Kingdom,P010,Product 10
1059.0,10187,2024-08-13,8,46.38,France,P007,Product 7
1059.0,10187,2024-08-13,1,47.12,United Kingdom,P001,Product 1
1059.0,10187,2024-08-13,4,28.02,Germany,P002,Product 2
1060.0,10188,2025-07-05,1,8.37,France,P005,Product 5
1061.0,10189,2024-10-19,4,28.02,Germany,P002,Product 2
1061.0,10189,2024-10-19,5,53.91,France,P024,Product 24
1061.0,10190,2024-09-06,5,58.33,Germany,P023,Product 23
1061.0,10190,2024-09-06,7,28.67,France,P010,Product 10
1062.0,10191,2024-11-20,2,50.17,Germany,P019,Product 19
1062.0,10192,2025-01-20,1,23.21,France,P022,Product 22
1062.0,10192,2025-01-20,1,51.94,Germany,P003,Product 3
1062.0,10192,2025-01-20,7,24.14,France,P011,Product 11
1062.0,10192,2025-01-20,8,42.75,United Kingdom,P004,Product 4
1063.0,10193,2025-10-12,5,24.14,United Kingdom,P011,Product 11
1063.0,10193,2025-10-12,6,58.61,United Kingdom,P006,Product 6
1063.0,10193,2025-10-12,5,14.09,Germany,P026,Product 26
1063.0,10193,2025-10-12,9,11.79,United Kingdom,P029,Product 29
1063.0,10194,2025-08-01,8,58.33,Germany,P023,Product 23
1063.0,10194,2025-08-01,7,47.12,Germany,P001,Product 1
1063.0,10194,2025-08-01,1,34.61,Germany,P017,Product 17
1064.0,10195,2024-04-02,4,47.81,United Kingdom,P008,Product 8
1064.0,10195,2024-04-02,7,6.64,United Kingdom,P018,Product 18
1064.0,10196,2024-06-23,7,8.37,United Kingdom,P005,Product 5
1064.0,10196,2024-06-23,2,34.61,Germany,P017,Product 17
1064.0,10197,2024-02-25,7,49.9,France,P014,Product 14
1064.0,10197,2024-02-25,1,34.61,Germany,P017,Product 17
1065.0,10198,2024-04-17,5,50.17,France,P019,Product 19
1065.0,10198,2024-04-17,5,46.21,France,P021,Product 21
1065.0,10198,2024-04-17,9,58.33,Germany,P023,Product 23
1065.0,10198,2024-04-17,1,58.61,Germany,P006,Product 6
1066.0,10199,2024-07-18,7,28.67,United Kingdom,P010,Product 10
1066.0,10200,2024-06-03,1,46.38,United Kingdom,P007,Product 7
1066.0,10200,2024-06-03,6,51.94,France,P003,Product 3
1066.0,10200,2024-06-03,2,42.75,United Kingdom,P004,Product 4
1066.0,10200,2024-06-03,4,55.83,Germany,P012,Product 12
1066.0,10201,2024-06-08,4,15.95,Germany,P016,Product 16
1067.0,10202,2024-08-05,8,47.37,United Kingdom,P025,Product 25
1067.0,10203,2024-11-05,5,23.21,Germany,P022,Product 22
1067.0,10203,2024-11-05,4,42.75,United Kingdom,P004,Product 4
1067.0,10203,2024-11-05,2,51.94,France,P003,Product 3
1067.0,10204,2024-11-11,1,58.33,United Kingdom,P023,Product 23
1067.0,10204,2024-11-11,4,15.95,United Kingdom,P016,Product 16
1067.0,10204,2024-11-11,3,46.21,Germany,P021,Product 21
1067.0,10204,2024-11-11,9,51.94,United Kingdom,P003,Product 3
1068.0,10205,2025-04-22,9,47.37,United Kingdom,P025,Product 25
1068.0,10206,2025-02-04,8,10.3,Germany,P009,Product 9
1068.0,10206,2025-02-04,8,49.9,Germany,P014,Product 14
1068.0,10206,2025-02-04,5,41.93,United Kingdom,P030,Product 30
1068.0,10207,2025-03-04,1,46.38,France,P007,Product 7
1068.0,10207,2025-03-04,8,58.61,United Kingdom,P006,Product 6
1068.0,10208,2025-02-21,8,39.7,Germany,P013,Product 13
1068.0,10208,2025-02-21,4,24.14,France,P011,Product 11
1068.0,10208,2025-02-21,8,39.0,France,P020,Product 20
1068.0,10209,2025-03-18,5,28.67,France,P010,Product 10
1068.0,10209,2025-03-18,6,58.33,Germany,P023,Product 23
1069.0,10210,2024-11-08,4,41.93,Germany,P030,Product 30
1069.0,10210,2024-11-08,1,24.14,United Kingdom,P011,Product 11
1069.0,10210,2024-11-08,2,28.67,Germany,P010,Product 10
1069.0,10211,2025-01-14,5,24.14,United Kingdom,P011,Product 11
1069.0,10211,2025-01-14,5,47.37,France,P025,Product 25
1069.0,10211,2025-01-14,9,53.91,France,P024,Product 24
1069.0,10211,2025-01-14,2,46.38,Germany,P007,Product 7
1069.0,10212,2024-09-24,4,5.5,United Kingdom,P028,Product 28
1069.0,10212,2024-09-24,9,28.02,France,P002,Product 2
1069.0,10212,2024-09-24,6,39.0,France,P020,Product 20
1070.0,10213,2024-06-19,7,34.61,United Kingdom,P017,Product 17
1070.0,10213,2024-06-19,8,51.94,United Kingdom,P003,Product 3
1070.0,10213,2024-06-19,5,14.09,United Kingdom,P026,Product 26
1071.0,10214,2024-12-19,6,14.09,United Kingdom,P026,Product 26
1071.0,10214,2024-12-19,3,11.79,France,P029,Product 29
1071.0,10214,2024-12-19,2,28.67,Germany,P010,Product 10
1071.0,10214,2024-12-19,7,29.6,United Kingdom,P027,Product 27
1072.0,10215,2024-11-07,6,58.33,France,P023,Product 23
1072.0,10215,2024-11-07,8,29.6,Germany,P027,Product 27
1072.0,10215,2024-11-07,4,51.94,United Kingdom,P003,Product 3
1072.0,10215,2024-11-07,1,14.09,Germany,P026,Product 26
1072.0,10216,2025-02-17,7,49.9,Germany,P014,Product 14
1072.0,10216,2025-02-17,9,34.61,Germany,P017,Product 17
1072.0,10216,2025-02-17,9,47.81,Germany,P008,Product 8
1073.0,10217,2024-05-24,7,51.94,France,P003,Product 3
1073.0,10217,2024-05-24,1,23.21,United Kingdom,P022,Product 22
1073.0,10217,2024-05-24,9,47.37,Germany,P025,Product 25
1073.0,10217,2024-05-24,5,46.38,Germany,P007,Product 7
1074.0,10218,2024-12-24,2,50.17,United Kingdom,P019,Product 19
1074.0,10218,2024-12-24,6,42.75,Germany,P004,Product 4
1074.0,10218,2024-12-24,9,55.83,Germany,P012,Product 12
1075.0,10219,2025-06-25,5,28.27,France,P015,Product 15
1075.0,10219,2025-06-25,2,24.14,Germany,P011,Product 11
1075.0,10219,2025-06-25,3,58.61,France,P006,Product 6
1076.0,10220,2025-02-03,4,50.17,Germany,P019,Product 19
1076.0,10220,2025-02-03,2,11.79,Germany,P029,Product 29
1076.0,10220,2025-02-03,4,29.6,United Kingdom,P027,Product 27
1077.0,10221,2024-07-25,2,39.0,France,P020,Product 20
1077.0,10221,2024-07-25,5,5.5,United Kingdom,P028,Product 28
1077.0,10222,2024-07-22,2,24.14,United Kingdom,P011,Product 11
1077.0,10222,2024-07-22,1,28.02,United Kingdom,P002,Product 2
1077.0,10222,2024-07-22,8,28.67,France,P010,Product 10
1077.0,10222,2024-07-22,2,11.79,France,P029,Product 29
1077.0,10223,2024-07-25,8,5.5,Germany,P028,Product 28
1077.0,10224,2024-08-25,1,58.33,United Kingdom,P023,Product 23
1077.0,10224,2024-08-25,9,49.9,United Kingdom,P014,Product 14
1077.0,10225,2024-06-14,7,28.27,France,P015,Product 15
1077.0,10225,2024-06-14,2,10.3,France,P009,Product 9
1077.0,10225,2024-06-14,5,58.61,France,P006,Product 6
1077.0,10225,2024-06-14,2,41.93,France,P030,Product 30
1077.0,10226,2024-08-09,5,29.6,Germany,P027,Product 27
1077.0,10226,2024-08-09,5,28.67,France,P010,Product 10
1077.0,10226,2024-08-09,9,50.17,United Kingdom,P019,Product 19
1077.0,10226,2024-08-09,9,42.75,Germany,P004,Product 4
1077.0,10227,2024-08-24,2,14.09,Germany,P026,Product 26
1077.0,10227,2024-08-24,2,11.79,United Kingdom,P029,Product 29
1077.0,10227,2024-08-24,7,49.9,United Kingdom,P014,Product 14
1077.0,10227,2024-08-24,6,39.7,France,P013,Product 13
1077.0,10228,2024-08-28,6,58.61,United Kingdom,P006,Product 6
1077.0,10228,2024-08-28,1,5.5,United Kingdom,P028,Product 28
1077.0,10229,2024-05-18,6,47.37,France,P025,Product 25
1077.0,10229,2024-05-18,8,11.79,France,P029,Product 29
1077.0,10229,2024-05-18,1,47.81,United Kingdom,P008,Product 8
1077.0,10229,2024-05-18,6,58.61,United Kingdom,P006,Product 6
1077.0,10230,2024-06-22,1,5.5,United Kingdom,P028,Product 28
1077.0,10231,2024-05-25,4,6.64,France,P018,Product 18
1077.0,10232,2024-06-05,8,53.91,France,P024,Product 24
1077.0,10232,2024-06-05,6,11.79,Germany,P029,Product 29
1077.0,10232,2024-06-05,8,50.17,Germany,P019,Product 19
1078.0,10233,2025-06-16,3,28.27,Germany,P015,Product 15
1078.0,10234,2025-08-13,2,55.83,Germany,P012,Product 12
1078.0,10234,2025-08-13,4,47.37,United Kingdom,P025,Product 25
1078.0,10234,2025-08-13,6,29.6,United Kingdom,P027,Product 27
1079.0,10235,2024-08-05,8,49.9,United Kingdom,P014,Product 14
1079.0,10236,2024-08-26,2,14.09,France,P026,Product 26
1079.0,10236,2024-08-26,1,8.37,Germany,P005,Product 5
1079.0,10236,2024-08-26,5,23.21,Germany,P022,Product 22
1079.0,10237,2024-07-12,9,15.95,Germany,P016,Product 16
1080.0,10238,2024-11-24,7,29.6,Germany,P027,Product 27
1080.0,10238,2024-11-24,3,49.9,United Kingdom,P014,Product 14
1080.0,10238,2024-11-24,7,39.7,Germany,P013,Product 13
1080.0,10239,2024-09-16,9,6.64,United Kingdom,P018,Product 18
1081.0,10240,2024-10-30,8,46.21,France,P021,Product 21
1081.0,10240,2024-10-30,6,28.02,France,P002,Product 2
1081.0,10241,2025-01-28,3,55.83,Germany,P012,Product 12
1081.0,10241,2025-01-28,4,39.7,Germany,P013,Product 13
1081.0,10241,2025-01-28,8,50.17,France,P019,Product 19
1081.0,10241,2025-01-28,9,58.61,France,P006,Product 6
1081.0,10242,2025-01-14,8,6.64,Germany,P018,Product 18
1081.0,10242,2025-01-14,5,39.7,United Kingdom,P013,Product 13
1081.0,10243,2025-01-20,6,15.95,France,P016,Product 16
1081.0,10243,2025-01-20,4,49.9,United Kingdom,P014,Product 14
1081.0,10244,2024-11-18,6,55.83,United Kingdom,P012,Product 12
1081.0,10245,2025-01-22,7,29.6,United Kingdom,P027,Product 27
1081.0,10246,2024-12-20,9,51.94,France,P003,Product 3
1081.0,10247,2024-10-07,3,55.83,Germany,P012,Product 12
1081.0,10247,2024-10-07,2,58.61,France,P006,Product 6
1082.0,10248,2025-06-12,4,53.91,United Kingdom,P024,Product 24
1082.0,10248,2025-06-12,3,8.37,United Kingdom,P005,Product 5
1082.0,10248,2025-06-12,4,24.14,United Kingdom,P011,Product 11
1082.0,10248,2025-06-12,7,23.21,Germany,P022,Product 22
1082.0,10249,2025-06-25,8,39.7,Germany,P013,Product 13
1082.0,10249,2025-06-25,7,8.37,United Kingdom,P005,Product 5
1082.0,10249,2025-06-25,8,51.94,United Kingdom,P003,Product 3
1082.0,10250,2025-04-17,4,10.3,Germany,P009,Product 9
1082.0,10250,2025-04-17,2,53.91,United Kingdom,P024,Product 24
1083.0,10251,2024-07-27,2,29.6,United Kingdom,P027,Product 27
1083.0,10251,2024-07-27,4,58.33,United Kingdom,P023,Product 23
1083.0,10251,2024-07-27,1,46.38,Germany,P007,Product 7
1083.0,10252,2024-09-07,3,47.37,Germany,P025,Product 25
1083.0,10252,2024-09-07,7,55.83,United Kingdom,P012,Product 12
1084.0,10253,2025-09-07,6,14.09,Germany,P026,Product 26
1084.0,10253,2025-09-07,9,47.12,France,P001,Product 1
1084.0,10253,2025-09-07,9,50.17,Germany,P019,Product 19
1084.0,10254,2025-10-06,7,58.33,United Kingdom,P023,Product 23
1084.0,10254,2025-10-06,6,49.9,Germany,P014,Product 14
1085.0,10255,2024-12-07,6,34.61,France,P017,Product 17
1085.0,10255,2024-12-07,9,58.33,United Kingdom,P023,Product 23
1085.0,10256,2025-01-16,8,58.61,United Kingdom,P006,Product 6
1086.0,10257,2025-07-31,3,28.67,France,P010,Product 10
1086.0,10257,2025-07-31,6,8.37,Germany,P005,Product 5
1086.0,10257,2025-07-31,9,47.37,Germany,P025,Product 25
1086.0,10257,2025-07-31,4,42.75,France,P004,Product 4
1086.0,10258,2025-07-11,7,46.38,United Kingdom,P007,Product 7
1086.0,10258,2025-07-11,6,58.61,France,P006,Product 6
1086.0,10258,2025-07-11,7,10.3,Germany,P009,Product 9
1086.0,10259,2025-04-12,8,39.0,France,P020,Product 20
1086.0,10259,2025-04-12,3,58.61,France,P006,Product 6
1086.0,10259,2025-04-12,9,47.12,France,P001,Product 1
1086.0,10259,2025-04-12,2,11.79,United Kingdom,P029,Product 29
1086.0,10260,2025-08-01,6,23.21,United Kingdom,P022,Product 22
1086.0,10260,2025-08-01,1,46.38,Germany,P007,Product 7
1086.0,10260,2025-08-01,9,11.79,Germany,P029,Product 29
1086.0,10260,2025-08-01,7,55.83,United Kingdom,P012,Product 12
1086.0,10261,2025-08-19,2,34.61,France,P017,Product 17
1086.0,10261,2025-08-19,1,23.21,Germany,P022,Product 22
1086.0,10261,2025-08-19,6,55.83,Germany,P012,Product 12
1086.0,10261,2025-08-19,9,11.79,France,P029,Product 29
1086.0,10262,2025-04-08,9,46.38,Germany,P007,Product 7
1086.0,10263,2025-08-11,4,55.83,United Kingdom,P012,Product 12
1086.0,10263,2025-08-11,2,46.21,United Kingdom,P021,Product 21
1086.0,10263,2025-08-11,2,8.37,Germany,P005,Product 5
1086.0,10263,2025-08-11,4,51.94,Germany,P003,Product 3
1086.0,10264,2025-06-27,2,47.37,France,P025,Product 25
1086.0,10264,2025-06-27,2,15.95,Germany,P016,Product 16
1086.0,10264,2025-06-27,6,39.0,Germany,P020,Product 20
1086.0,10265,2025-05-15,1,23.21,Germany,P022,Product 22
1086.0,10265,2025-05-15,5,46.38,United Kingdom,P007,Product 7
1086.0,10265,2025-05-15,2,11.79,United Kingdom,P029,Product 29
1086.0,10265,2025-05-15,2,28.02,Germany,P002,Product 2
1086.0,10266,2025-06-24,2,10.3,France,P009,Product 9
1086.0,10267,2025-05-10,3,58.33,United Kingdom,P023,Product 23
1086.0,10267,2025-05-10,2,47.81,United Kingdom,P008,Product 8
1086.0,10267,2025-05-10,9,28.27,Germany,P015,Product 15
1086.0,10267,2025-05-10,4,50.17,France,P019,Product 19
1086.0,10268,2025-05-12,3,50.17,United Kingdom,P019,Product 19
1086.0,10268,2025-05-12,1,47.37,United Kingdom,P025,Product 25
1087.0,10269,2025-06-23,4,46.38,France,P007,Product 7
1087.0,10270,2025-06-18,8,41.93,Germany,P030,Product 30
1087.0,10270,2025-06-18,3,53.91,United Kingdom,P024,Product 24
1087.0,10270,2025-06-18,6,46.38,Germany,P007,Product 7
1087.0,10270,2025-06-18,7,51.94,Germany,P003,Product 3
1087.0,10271,2025-03-23,2,53.91,France,P024,Product 24
1087.0,10272,2025-03-19,5,39.7,France,P013,Product 13
1087.0,10272,2025-03-19,7,5.5,United Kingdom,P028,Product 28
1087.0,10272,2025-03-19,8,28.02,United Kingdom,P002,Product 2
1087.0,10273,2025-07-12,3,39.7,Germany,P013,Product 13
1087.0,10273,2025-07-12,7,10.3,Germany,P009,Product 9
1087.0,10273,2025-07-12,5,42.75,Germany,P004,Product 4
1088.0,10274,2025-06-18,3,53.91,Germany,P024,Product 24
1088.0,10274,2025-06-18,8,58.33,United Kingdom,P023,Product 23
1088.0,10274,2025-06-18,4,47.37,France,P025,Product 25
1088.0,10274,2025-06-18,5,47.81,France,P008,Product 8
1088.0,10275,2025-04-09,4,29.6,Germany,P027,Product 27
1088.0,10275,2025-04-09,6,58.33,Germany,P023,Product 23
1088.0,10275,2025-04-09,5,8.37,United Kingdom,P005,Product 5
1088.0,10276,2025-10-02,6,51.94,Germany,P003,Product 3
1088.0,10277,2025-07-27,9,51.94,Germany,P003,Product 3
1088.0,10277,2025-07-27,8,53.91,France,P024,Product 24
1088.0,10277,2025-07-27,3,47.81,United Kingdom,P008,Product 8
1088.0,10277,2025-07-27,7,28.27,United Kingdom,P015,Product 15
1088.0,10278,2025-06-07,3,50.17,Germany,P019,Product 19
1089.0,10279,2025-10-15,3,46.38,Germany,P007,Product 7
1089.0,10279,2025-10-15,6,5.5,Germany,P028,Product 28
1090.0,10280,2024-09-22,8,53.91,United Kingdom,P024,Product 24
1090.0,10280,2024-09-22,4,47.12,France,P001,Product 1
1090.0,10280,2024-09-22,5,14.09,United Kingdom,P026,Product 26
1090.0,10280,2024-09-22,5,23.21,France,P022,Product 22
1090.0,10281,2024-10-23,5,10.3,Germany,P009,Product 9
1090.0,10281,2024-10-23,8,14.09,France,P026,Product 26
1090.0,10281,2024-10-23,3,46.21,France,P021,Product 21
1091.0,10282,2024-07-04,5,55.83,United Kingdom,P012,Product 12
1091.0,10282,2024-07-04,5,41.93,United Kingdom,P030,Product 30
1091.0,10282,2024-07-04,5,42.75,United Kingdom,P004,Product 4
1091.0,10282,2024-07-04,6,39.0,United Kingdom,P020,Product 20
1092.0,10283,2024-09-15,9,28.67,United Kingdom,P010,Product 10
1092.0,10283,2024-09-15,9,11.79,France,P029,Product 29
1092.0,10283,2024-09-15,9,6.64,France,P018,Product 18
1092.0,10283,2024-09-15,3,28.02,France,P002,Product 2
1092.0,10284,2024-05-18,2,42.75,United Kingdom,P004,Product 4
1092.0,10284,2024-05-18,4,46.38,United Kingdom,P007,Product 7
1092.0,10285,2024-04-29,6,51.94,United Kingdom,P003,Product 3
1092.0,10285,2024-04-29,7,5.5,United Kingdom,P028,Product 28
1092.0,10285,2024-04-29,6,42.75,Germany,P004,Product 4
1092.0,10285,2024-04-29,8,47.12,United Kingdom,P001,Product 1
1092.0,10286,2024-08-10,4,15.95,Germany,P016,Product 16
1092.0,10286,2024-08-10,7,11.79,Germany,P029,Product 29
1092.0,10287,2024-05-18,8,58.61,France,P006,Product 6
1092.0,10287,2024-05-18,3,28.02,Germany,P002,Product 2
1092.0,10288,2024-05-15,6,46.38,France,P007,Product 7
1092.0,10288,2024-05-15,8,46.21,United Kingdom,P021,Product 21
1092.0,10288,2024-05-15,8,47.37,France,P025,Product 25
1092.0,10288,2024-05-15,2,58.33,United Kingdom,P023,Product 23
1092.0,10289,2024-08-31,7,49.9,Germany,P014,Product 14
1092.0,10290,2024-09-28,9,10.3,Germany,P009,Product 9
1093.0,10291,2024-07-05,2,50.17,Germany,P019,Product 19
1093.0,10291,2024-07-05,9,49.9,United Kingdom,P014,Product 14
1093.0,10292,2024-07-11,1,6.64,France,P018,Product 18
1093.0,10292,2024-07-11,5,39.0,United Kingdom,P020,Product 20
1093.0,10292,2024-07-11,4,34.61,Germany,P017,Product 17
1093.0,10293,2024-05-29,8,28.67,France,P010,Product 10
1093.0,10293,2024-05-29,5,46.38,Germany,P007,Product 7
1093.0,10293,2024-05-29,1,47.37,France,P025,Product 25
1093.0,10293,2024-05-29,9,39.7,Germany,P013,Product 13
1094.0,10294,2025-01-15,6,14.09,Germany,P026,Product 26
1094.0,10294,2025-01-15,9,29.6,France,P027,Product 27
1094.0,10294,2025-01-15,2,28.27,United Kingdom,P015,Product 15
1094.0,10295,2024-12-30,5,49.9,Germany,P014,Product 14
1094.0,10295,2024-12-30,5,50.17,France,P019,Product 19
1094.0,10295,2024-12-30,9,15.95,Germany,P016,Product 16
1094.0,10296,2025-01-07,6,39.7,United Kingdom,P013,Product 13
1094.0,10296,2025-01-07,6,46.38,Germany,P007,Product 7
1094.0,10296,2025-01-07,4,58.61,France,P006,Product 6
1095.0,10297,2025-02-26,9,6.64,United Kingdom,P018,Product 18
1096.0,10298,2024-08-14,4,58.61,Germany,P006,Product 6
1096.0,10298,2024-08-14,3,50.17,Germany,P019,Product 19
1097.0,10299,2024-10-19,9,5.5,Germany,P028,Product 28
1098.0,10300,2024-08-08,7,47.37,United Kingdom,P025,Product 25
1098.0,10300,2024-08-08,4,11.79,United Kingdom,P029,Product 29
1098.0,10301,2024-07-25,9,50.17,United Kingdom,P019,Product 19
1098.0,10301,2024-07-25,9,6.64,United Kingdom,P018,Product 18
1098.0,10302,2024-06-27,4,50.17,France,P019,Product 19
1098.0,10302,2024-06-27,3,23.21,United Kingdom,P022,Product 22
1098.0,10303,2024-06-01,4,46.38,United Kingdom,P007,Product 7
1098.0,10303,2024-06-01,9,47.37,Germany,P025,Product 25
1098.0,10303,2024-06-01,9,50.17,France,P019,Product 19
1098.0,10304,2024-09-04,6,5.5,Germany,P028,Product 28
1098.0,10304,2024-09-04,1,10.3,Germany,P009,Product 9
1098.0,10304,2024-09-04,2,58.33,Germany,P023,Product 23
1099.0,10305,2025-02-28,5,24.14,United Kingdom,P011,Product 11
1099.0,10305,2025-02-28,4,46.21,United Kingdom,P021,Product 21
1099.0,10305,2025-02-28,5,53.91,France,P024,Product 24
1099.0,10306,2025-05-02,7,46.38,France,P007,Product 7
1099.0,10306,2025-05-02,5,28.02,United Kingdom,P002,Product 2
1100.0,10307,2024-02-01,6,47.81,France,P008,Product 8
1100.0,10308,2024-03-01,8,28.02,United Kingdom,P002,Product 2
1100.0,10308,2024-03-01,1,47.12,France,P001,Product 1
1100.0,10308,2024-03-01,1,41.93,United Kingdom,P030,Product 30
1101.0,10309,2025-01-24,6,39.7,France,P013,Product 13
1101.0,10309,2025-01-24,2,51.94,United Kingdom,P003,Product 3
1101.0,10309,2025-01-24,5,55.83,United Kingdom,P012,Product 12
1101.0,10310,2025-01-21,6,39.0,United Kingdom,P020,Product 20
1101.0,10310,2025-01-21,7,15.95,United Kingdom,P016,Product 16
1101.0,10310,2025-01-21,6,28.67,France,P010,Product 10
1101.0,10310,2025-01-21,9,8.37,France,P005,Product 5
1102.0,10311,2025-03-07,3,58.33,France,P023,Product 23
1102.0,10311,2025-03-07,1,24.14,United Kingdom,P011,Product 11
1102.0,10312,2024-11-25,3,24.14,Germany,P011,Product 11
1102.0,10312,2024-11-25,5,46.21,Germany,P021,Product 21
1103.0,10313,2024-08-30,8,46.38,Germany,P007,Product 7
1103.0,10313,2024-08-30,6,23.21,Germany,P022,Product 22
1103.0,10313,2024-08-30,7,58.33,United Kingdom,P023,Product 23
1103.0,10314,2024-06-14,3,14.09,Germany,P026,Product 26
1103.0,10315,2024-08-02,1,39.7,United Kingdom,P013,Product 13
1103.0,10316,2024-06-07,1,15.95,United Kingdom,P016,Product 16
1103.0,10316,2024-06-07,9,14.09,Germany,P026,Product 26
1103.0,10316,2024-06-07,9,46.38,Germany,P007,Product 7
1103.0,10316,2024-06-07,1,39.7,France,P013,Product 13
1103.0,10317,2024-09-27,2,41.93,Germany,P030,Product 30
1103.0,10317,2024-09-27,8,58.61,United Kingdom,P006,Product 6
1103.0,10317,2024-09-27,1,5.5,France,P028,Product 28
1104.0,10318,2024-05-22,5,39.7,United Kingdom,P013,Product 13
1104.0,10318,2024-05-22,6,39.0,France,P020,Product 20
1104.0,10319,2024-06-08,7,23.21,United Kingdom,P022,Product 22
1104.0,10320,2024-07-03,9,15.95,France,P016,Product 16
1104.0,10320,2024-07-03,2,49.9,France,P014,Product 14
1104.0,10320,2024-07-03,1,46.21,Germany,P021,Product 21
1105.0,10321,2025-07-08,1,39.7,United Kingdom,P013,Product 13
1105.0,10321,2025-07-08,9,11.79,France,P029,Product 29
1105.0,10321,2025-07-08,6,6.64,Germany,P018,Product 18
1106.0,10322,2024-09-17,1,49.9,France,P014,Product 14
1106.0,10322,2024-09-17,6,5.5,France,P028,Product 28
1106.0,10322,2024-09-17,5,6.64,United Kingdom,P018,Product 18
1107.0,10323,2024-09-15,2,28.67,United Kingdom,P010,Product 10
1107.0,10323,2024-09-15,5,39.7,Germany,P013,Product 13
1107.0,10323,2024-09-15,1,51.94,France,P003,Product 3
1107.0,10323,2024-09-15,7,10.3,Germany,P009,Product 9
1107.0,10324,2024-10-27,2,53.91,Germany,P024,Product 24
1107.0,10324,2024-10-27,8,47.12,France,P001,Product 1
1107.0,10324,2024-10-27,5,11.79,United Kingdom,P029,Product 29
1107.0,10324,2024-10-27,2,39.7,United Kingdom,P013,Product 13
1107.0,10325,2024-09-27,2,46.21,United Kingdom,P021,Product 21
1108.0,10326,2024-12-09,7,49.9,Germany,P014,Product 14
1109.0,10327,2025-01-20,3,47.12,Germany,P001,Product 1
1109.0,10327,2025-01-20,3,46.21,Germany,P021,Product 21
1110.0,10328,2025-03-05,3,24.14,Germany,P011,Product 11
1110.0,10328,2025-03-05,7,47.81,France,P008,Product 8
1111.0,10329,2024-03-12,2,6.64,United Kingdom,P018,Product 18
1111.0,10330,2024-04-26,1,23.21,United Kingdom,P022,Product 22
1111.0,10330,2024-04-26,8,14.09,France,P026,Product 26
1111.0,10330,2024-04-26,9,24.14,United Kingdom,P011,Product 11
1112.0,10331,2024-02-26,9,53.91,France,P024,Product 24
1112.0,10331,2024-02-26,9,47.37,France,P025,Product 25
1112.0,10331,2024-02-26,1,47.81,Germany,P008,Product 8
1112.0,10331,2024-02-26,5,58.33,France,P023,Product 23
1112.0,10332,2024-04-20,2,24.14,United Kingdom,P011,Product 11
1112.0,10332,2024-04-20,1,53.91,Germany,P024,Product 24
1112.0,10332,2024-04-20,1,8.37,France,P005,Product 5
1112.0,10333,2024-04-14,9,28.27,United Kingdom,P015,Product 15
1112.0,10333,2024-04-14,5,47.12,United Kingdom,P001,Product 1
1113.0,10334,2024-07-19,4,58.33,United Kingdom,P023,Product 23
1113.0,10334,2024-07-19,9,47.81,France,P008,Product 8
1113.0,10334,2024-07-19,5,15.95,France,P016,Product 16
1113.0,10334,2024-07-19,9,29.6,France,P027,Product 27
1114.0,10335,2024-09-26,4,8.37,United Kingdom,P005,Product 5
1114.0,10335,2024-09-26,5,10.3,France,P009,Product 9
1114.0,10335,2024-09-26,9,42.75,United Kingdom,P004,Product 4
1114.0,10335,2024-09-26,2,39.7,France,P013,Product 13
1114.0,10336,2024-07-12,4,47.12,Germany,P001,Product 1
1115.0,10337,2024-12-06,4,58.61,United Kingdom,P006,Product 6
1115.0,10337,2024-12-06,5,15.95,Germany,P016,Product 16
1115.0,10338,2025-01-11,5,23.21,Germany,P022,Product 22
1115.0,10338,2025-01-11,4,10.3,United Kingdom,P009,Product 9
1115.0,10339,2025-04-02,3,6.64,United Kingdom,P018,Product 18
1116.0,10340,2024-07-03,9,28.27,United Kingdom,P015,Product 15
1116.0,10340,2024-07-03,7,28.02,France,P002,Product 2
1116.0,10340,2024-07-03,4,34.61,United Kingdom,P017,Product 17
1116.0,10341,2024-03-16,7,29.6,France,P027,Product 27
1116.0,10341,2024-03-16,9,50.17,Germany,P019,Product 19
1116.0,10341,2024-03-16,4,46.38,Germany,P007,Product 7
1116.0,10341,2024-03-16,2,47.37,United Kingdom,P025,Product 25
1117.0,10342,2025-02-24,6,49.9,Germany,P014,Product 14
1117.0,10343,2024-10-09,6,5.5,United Kingdom,P028,Product 28
1118.0,10344,2024-05-26,3,47.81,United Kingdom,P008,Product 8
1118.0,10344,2024-05-26,9,47.37,Germany,P025,Product 25
1118.0,10344,2024-05-26,4,28.67,Germany,P010,Product 10
1118.0,10344,2024-05-26,9,46.38,Germany,P007,Product 7
1119.0,10345,2024-08-31,6,41.93,France,P030,Product 30
1119.0,10345,2024-08-31,4,46.38,France,P007,Product 7
1119.0,10345,2024-08-31,1,47.12,Germany,P001,Product 1
1120.0,10346,2025-06-10,1,53.91,France,P024,Product 24
1120.0,10347,2025-07-17,8,49.9,France,P014,Product 14
1120.0,10347,2025-07-17,3,14.09,United Kingdom,P026,Product 26
1120.0,10347,2025-07-17,9,8.37,Germany,P005,Product 5
1120.0,10347,2025-07-17,1,39.7,France,P013,Product 13
1121.0,10348,2025-06-26,6,10.3,United Kingdom,P009,Product 9
1121.0,10349,2025-06-26,5,23.21,France,P022,Product 22
1121.0,10349,2025-06-26,4,11.79,United Kingdom,P029,Product 29
1121.0,10349,2025-06-26,7,53.91,United Kingdom,P024,Product 24
1121.0,10350,2025-12-13,5,47.37,Germany,P025,Product 25
1121.0,10350,2025-12-13,3,28.02,France,P002,Product 2
1121.0,10351,2025-08-29,9,55.83,Germany,P012,Product 12
1121.0,10351,2025-08-29,7,58.61,United Kingdom,P006,Product 6
1121.0,10351,2025-08-29,7,14.09,Germany,P026,Product 26
1121.0,10351,2025-08-29,1,28.02,Germany,P002,Product 2
1121.0,10352,2025-09-12,2,15.95,France,P016,Product 16
1121.0,10352,2025-09-12,4,24.14,Germany,P011,Product 11
1122.0,10353,2025-01-26,9,47.81,Germany,P008,Product 8
1122.0,10353,2025-01-26,8,41.93,United Kingdom,P030,Product 30
1122.0,10353,2025-01-26,2,39.0,France,P020,Product 20
1122.0,10353,2025-01-26,5,29.6,Germany,P027,Product 27
1122.0,10354,2024-12-01,3,47.37,Germany,P025,Product 25
1123.0,10355,2024-08-05,4,28.67,Germany,P010,Product 10
1123.0,10355,2024-08-05,2,55.83,France,P012,Product 12
1123.0,10355,2024-08-05,1,42.75,United Kingdom,P004,Product 4
1123.0,10355,2024-08-05,5,34.61,Germany,P017,Product 17
1123.0,10356,2024-08-11,2,39.0,Germany,P020,Product 20
1123.0,10356,2024-08-11,9,51.94,United Kingdom,P003,Product 3
1123.0,10357,2024-11-27,2,47.81,Germany,P008,Product 8
1123.0,10357,2024-11-27,4,58.61,France,P006,Product 6
1123.0,10358,2024-09-15,1,49.9,France,P014,Product 14
1123.0,10358,2024-09-15,9,8.37,France,P005,Product 5
1123.0,10359,2024-09-08,7,47.81,France,P008,Product 8
1123.0,10359,2024-09-08,9,14.09,United Kingdom,P026,Product 26
1123.0,10360,2024-11-27,9,6.64,Germany,P018,Product 18
1123.0,10361,2024-12-06,7,41.93,Germany,P030,Product 30
1123.0,10361,2024-12-06,7,28.67,Germany,P010,Product 10
1123.0,10362,2024-08-13,9,34.61,France,P017,Product 17
1124.0,10363,2024-09-03,1,6.64,United Kingdom,P018,Product 18
1124.0,10364,2024-09-10,6,24.14,Germany,P011,Product 11
1124.0,10365,2024-08-04,9,53.91,France,P024,Product 24
1125.0,10366,2025-05-06,3,14.09,France,P026,Product 26
1125.0,10367,2025-04-15,5,10.3,United Kingdom,P009,Product 9
1125.0,10367,2025-04-15,6,14.09,Germany,P026,Product 26
1125.0,10367,2025-04-15,2,49.9,United Kingdom,P014,Product 14
1125.0,10367,2025-04-15,7,28.27,United Kingdom,P015,Product 15
1125.0,10368,2025-04-04,5,28.67,France,P010,Product 10
1125.0,10368,2025-04-04,7,47.81,United Kingdom,P008,Product 8
1125.0,10368,2025-04-04,4,55.83,United Kingdom,P012,Product 12
1125.0,10369,2025-05-24,2,11.79,France,P029,Product 29
1125.0,10369,2025-05-24,9,10.3,France,P009,Product 9
1125.0,10370,2025-04-12,4,23.21,France,P022,Product 22
1125.0,10371,2025-06-13,4,53.91,Germany,P024,Product 24
1125.0,10371,2025-06-13,1,49.9,United Kingdom,P014,Product 14
1125.0,10371,2025-06-13,7,5.5,France,P028,Product 28
1125.0,10372,2025-02-13,6,51.94,France,P003,Product 3
1125.0,10372,2025-02-13,6,46.21,Germany,P021,Product 21
1125.0,10372,2025-02-13,7,14.09,Germany,P026,Product 26
1125.0,10373,2025-07-09,7,41.93,United Kingdom,P030,Product 30
1125.0,10373,2025-07-09,2,28.02,France,P002,Product 2
1125.0,10373,2025-07-09,7,47.37,Germany,P025,Product 25
1126.0,10374,2024-12-04,5,39.0,France,P020,Product 20
1126.0,10374,2024-12-04,7,41.93,France,P030,Product 30
1126.0,10374,2024-12-04,1,46.21,United Kingdom,P021,Product 21
1126.0,10374,2024-12-04,3,28.67,United Kingdom,P010,Product 10
1127.0,10375,2024-10-05,7,28.67,United Kingdom,P010,Product 10
1127.0,10375,2024-10-05,1,6.64,France,P018,Product 18
1127.0,10375,2024-10-05,6,46.38,United Kingdom,P007,Product 7
1127.0,10376,2024-09-22,7,11.79,France,P029,Product 29
1127.0,10377,2024-10-01,3,46.38,Germany,P007,Product 7
1127.0,10377,2024-10-01,8,23.21,Germany,P022,Product 22
1128.0,10378,2024-04-17,6,39.7,France,P013,Product 13
1128.0,10378,2024-04-17,8,6.64,United Kingdom,P018,Product 18
1128.0,10378,2024-04-17,4,10.3,Germany,P009,Product 9
1128.0,10379,2024-02-19,4,58.33,United Kingdom,P023,Product 23
1129.0,10380,2024-06-22,1,6.64,United Kingdom,P018,Product 18
1129.0,10380,2024-06-22,4,49.9,France,P014,Product 14
1129.0,10380,2024-06-22,1,58.33,United Kingdom,P023,Product 23
1129.0,10380,2024-06-22,3,5.5,Germany,P028,Product 28
1130.0,10381,2025-07-08,6,42.75,Germany,P004,Product 4
1131.0,10382,2024-10-22,2,47.37,France,P025,Product 25
1131.0,10382,2024-10-22,4,28.67,United Kingdom,P010,Product 10
1131.0,10383,2025-01-27,8,29.6,Germany,P027,Product 27
1131.0,10384,2025-01-03,1,28.67,Germany,P010,Product 10
1131.0,10384,2025-01-03,7,51.94,France,P003,Product 3
1131.0,10384,2025-01-03,3,50.17,United Kingdom,P019,Product 19
1132.0,10385,2025-07-22,1,51.94,Germany,P003,Product 3
1132.0,10385,2025-07-22,8,41.93,France,P030,Product 30
1132.0,10385,2025-07-22,3,39.0,Germany,P020,Product 20
1132.0,10385,2025-07-22,5,53.91,France,P024,Product 24
1133.0,10386,2025-01-24,9,47.12,Germany,P001,Product 1
1133.0,10386,2025-01-24,2,15.95,Germany,P016,Product 16
1133.0,10387,2025-01-14,9,49.9,France,P014,Product 14
1133.0,10387,2025-01-14,7,10.3,United Kingdom,P009,Product 9
1133.0,10387,2025-01-14,8,28.02,Germany,P002,Product 2
1133.0,10387,2025-01-14,1,51.94,Germany,P003,Product 3
1133.0,10388,2024-10-19,3,39.7,France,P013,Product 13
1133.0,10388,2024-10-19,3,49.9,France,P014,Product 14
1133.0,10388,2024-10-19,4,47.81,United Kingdom,P008,Product 8
1133.0,10389,2024-09-13,9,41.93,France,P030,Product 30
1133.0,10389,2024-09-13,1,6.64,United Kingdom,P018,Product 18
1133.0,10389,2024-09-13,4,58.61,United Kingdom,P006,Product 6
1133.0,10389,2024-09-13,6,53.91,United Kingdom,P024,Product 24
1133.0,10390,2024-09-07,7,10.3,United Kingdom,P009,Product 9
1134.0,10391,2025-08-16,7,14.09,France,P026,Product 26
1134.0,10391,2025-08-16,4,51.94,Germany,P003,Product 3
1134.0,10391,2025-08-16,1,11.79,United Kingdom,P029,Product 29
1135.0,10392,2025-05-10,2,55.83,Germany,P012,Product 12
1135.0,10392,2025-05-10,5,58.61,Germany,P006,Product 6
1135.0,10393,2025-03-04,7,53.91,France,P024,Product 24
1135.0,10394,2025-02-09,3,24.14,France,P011,Product 11
1135.0,10394,2025-02-09,3,47.81,Germany,P008,Product 8
1135.0,10394,2025-02-09,9,58.33,Germany,P023,Product 23
1135.0,10394,2025-02-09,7,58.61,France,P006,Product 6
1135.0,10395,2025-05-11,9,39.7,Germany,P013,Product 13
1135.0,10395,2025-05-11,4,58.61,United Kingdom,P006,Product 6
1135.0,10396,2025-01-26,5,41.93,United Kingdom,P030,Product 30
1135.0,10397,2024-11-29,8,51.94,United Kingdom,P003,Product 3
1135.0,10397,2024-11-29,2,23.21,France,P022,Product 22
1135.0,10397,2024-11-29,9,42.75,France,P004,Product 4
1135.0,10397,2024-11-29,1,14.09,United Kingdom,P026,Product 26
1135.0,10398,2024-11-27,8,50.17,France,P019,Product 19
1135.0,10398,2024-11-27,7,53.91,France,P024,Product 24
1135.0,10398,2024-11-27,6,47.81,Germany,P008,Product 8
1135.0,10399,2025-01-14,4,28.02,Germany,P002,Product 2
1135.0,10399,2025-01-14,7,58.61,France,P006,Product 6
1135.0,10399,2025-01-14,4,50.17,France,P019,Product 19
1135.0,10399,2025-01-14,5,5.5,United Kingdom,P028,Product 28
1135.0,10400,2024-11-18,5,46.21,Germany,P021,Product 21
1135.0,10401,2025-02-11,7,15.95,Germany,P016,Product 16
1135.0,10401,2025-02-11,4,28.27,Germany,P015,Product 15
1135.0,10401,2025-02-11,6,11.79,France,P029,Product 29
1135.0,10401,2025-02-11,2,28.02,Germany,P002,Product 2
1135.0,10402,2025-01-07,1,34.61,United Kingdom,P017,Product 17
1135.0,10402,2025-01-07,3,5.5,France,P028,Product 28
1135.0,10402,2025-01-07,5,6.64,France,P018,Product 18
1135.0,10402,2025-01-07,8,23.21,Germany,P022,Product 22
1135.0,10403,2025-03-19,2,51.94,United Kingdom,P003,Product 3
1135.0,10403,2025-03-19,1,55.83,France,P012,Product 12
1136.0,10404,2025-09-25,1,15.95,France,P016,Product 16
1136.0,10404,2025-09-25,4,23.21,Germany,P022,Product 22
1136.0,10404,2025-09-25,3,28.67,Germany,P010,Product 10
1136.0,10404,2025-09-25,3,10.3,United Kingdom,P009,Product 9
1136.0,10405,2025-09-17,2,55.83,United Kingdom,P012,Product 12
1136.0,10406,2025-07-06,3,24.14,Germany,P011,Product 11
1136.0,10406,2025-07-06,1,41.93,France,P030,Product 30
1136.0,10406,2025-07-06,8,28.27,Germany,P015,Product 15
1136.0,10406,2025-07-06,8,14.09,France,P026,Product 26
1137.0,10407,2025-07-30,9,58.61,France,P006,Product 6
1137.0,10407,2025-07-30,9,5.5,France,P028,Product 28
1137.0,10407,2025-07-30,6,34.61,Germany,P017,Product 17
1137.0,10407,2025-07-30,9,14.09,Germany,P026,Product 26
1138.0,10408,2025-01-19,7,49.9,France,P014,Product 14
1138.0,10408,2025-01-19,5,28.02,France,P002,Product 2
1138.0,10408,2025-01-19,7,58.61,United Kingdom,P006,Product 6
1138.0,10409,2025-05-13,9,6.64,Germany,P018,Product 18
1138.0,10410,2025-05-29,8,15.95,Germany,P016,Product 16
1138.0,10411,2025-05-19,2,39.0,United Kingdom,P020,Product 20
1138.0,10411,2025-05-19,1,39.7,France,P013,Product 13
1138.0,10412,2025-01-22,1,24.14,United Kingdom,P011,Product 11
1138.0,10412,2025-01-22,9,47.37,Germany,P025,Product 25
1139.0,10413,2025-07-29,7,47.37,Germany,P025,Product 25
1139.0,10413,2025-07-29,3,34.61,France,P017,Product 17
1140.0,10414,2024-09-18,9,5.5,France,P028,Product 28
1140.0,10415,2024-10-06,7,15.95,Germany,P016,Product 16
1140.0,10415,2024-10-06,1,50.17,United Kingdom,P019,Product 19
1140.0,10415,2024-10-06,9,6.64,France,P018,Product 18
1140.0,10416,2024-12-05,2,53.91,Germany,P024,Product 24
1140.0,10417,2024-10-20,5,47.37,United Kingdom,P025,Product 25
1140.0,10418,2024-11-21,5,49.9,Germany,P014,Product 14
1140.0,10419,2025-01-18,5,8.37,France,P005,Product 5
1140.0,10420,2024-10-28,4,41.93,United Kingdom,P030,Product 30
1140.0,10421,2024-12-10,5,5.5,United Kingdom,P028,Product 28
1140.0,10421,2024-12-10,5,10.3,United Kingdom,P009,Product 9
1141.0,10422,2025-02-09,1,15.95,United Kingdom,P016,Product 16
1141.0,10422,2025-02-09,3,46.21,United Kingdom,P021,Product 21
1141.0,10423,2025-03-06,3,50.17,Germany,P019,Product 19
1141.0,10423,2025-03-06,7,58.33,Germany,P023,Product 23
1141.0,10423,2025-03-06,3,47.12,Germany,P001,Product 1
1141.0,10423,2025-03-06,5,6.64,United Kingdom,P018,Product 18
1141.0,10424,2025-04-22,6,49.9,United Kingdom,P014,Product 14
1141.0,10425,2025-06-10,6,47.12,France,P001,Product 1
1141.0,10425,2025-06-10,5,39.0,France,P020,Product 20
1141.0,10426,2025-02-17,8,8.37,France,P005,Product 5
1141.0,10426,2025-02-17,2,6.64,United Kingdom,P018,Product 18
1141.0,10426,2025-02-17,9,47.81,Germany,P008,Product 8
1141.0,10427,2024-12-17,7,24.14,United Kingdom,P011,Product 11
1141.0,10427,2024-12-17,4,47.37,United Kingdom,P025,Product 25
1141.0,10428,2025-03-31,2,24.14,United Kingdom,P011,Product 11
1141.0,10428,2025-03-31,5,14.09,United Kingdom,P026,Product 26
1141.0,10429,2025-02-23,8,6.64,United Kingdom,P018,Product 18
1141.0,10429,2025-02-23,7,46.21,France,P021,Product 21
1141.0,10429,2025-02-23,5,53.91,United Kingdom,P024,Product 24
1141.0,10429,2025-02-23,4,14.09,Germany,P026,Product 26
1141.0,10430,2025-05-30,5,15.95,France,P016,Product 16
1141.0,10430,2025-05-30,7,29.6,Germany,P027,Product 27
1141.0,10430,2025-05-30,1,39.7,United Kingdom,P013,Product 13
1141.0,10430,2025-05-30,2,41.93,Germany,P030,Product 30
1141.0,10431,2025-04-02,9,39.0,France,P020,Product 20
1141.0,10431,2025-04-02,5,28.02,Germany,P002,Product 2
1141.0,10431,2025-04-02,3,46.38,France,P007,Product 7
1141.0,10431,2025-04-02,1,58.33,United Kingdom,P023,Product 23
1141.0,10432,2025-01-06,8,58.61,Germany,P006,Product 6
1141.0,10432,2025-01-06,8,10.3,France,P009,Product 9
1141.0,10433,2025-05-24,4,14.09,United Kingdom,P026,Product 26
1141.0,10433,2025-05-24,6,5.5,France,P028,Product 28
1142.0,10434,2025-08-11,7,24.14,United Kingdom,P011,Product 11
1142.0,10434,2025-08-11,9,41.93,United Kingdom,P030,Product 30
1142.0,10434,2025-08-11,6,15.95,Germany,P016,Product 16
1142.0,10435,2025-09-27,5,46.21,Germany,P021,Product 21
1142.0,10435,2025-09-27,2,15.95,United Kingdom,P016,Product 16
1142.0,10435,2025-09-27,8,6.64,Germany,P018,Product 18
1142.0,10435,2025-09-27,2,28.27,France,P015,Product 15
1143.0,10436,2025-07-18,8,47.81,Germany,P008,Product 8
1143.0,10436,2025-07-18,7,14.09,France,P026,Product 26
1143.0,10436,2025-07-18,8,10.3,United Kingdom,P009,Product 9
1143.0,10437,2025-05-20,1,14.09,France,P026,Product 26
1143.0,10438,2025-02-21,7,47.37,United Kingdom,P025,Product 25
1143.0,10438,2025-02-21,5,46.38,France,P007,Product 7
1143.0,10439,2025-07-06,4,55.83,Germany,P012,Product 12
1143.0,10440,2025-04-27,3,58.33,United Kingdom,P023,Product 23
1144.0,10441,2025-09-09,5,47.81,Germany,P008,Product 8
1144.0,10441,2025-09-09,8,34.61,Germany,P017,Product 17
1144.0,10442,2025-09-06,3,6.64,Germany,P018,Product 18
1144.0,10442,2025-09-06,6,28.02,Germany,P002,Product 2
1144.0,10442,2025-09-06,3,23.21,Germany,P022,Product 22
1145.0,10443,2024-12-18,2,15.95,Germany,P016,Product 16
1145.0,10444,2025-02-13,8,50.17,United Kingdom,P019,Product 19
1145.0,10444,2025-02-13,2,46.21,United Kingdom,P021,Product 21
1145.0,10444,2025-02-13,6,24.14,Germany,P011,Product 11
1145.0,10444,2025-02-13,3,28.02,France,P002,Product 2
1145.0,10445,2025-02-05,2,46.38,United Kingdom,P007,Product 7
1145.0,10445,2025-02-05,5,58.33,Germany,P023,Product 23
1146.0,10446,2024-09-16,3,29.6,France,P027,Product 27
1146.0,10447,2024-06-27,4,47.37,France,P025,Product 25
1146.0,10447,2024-06-27,8,5.5,France,P028,Product 28
1146.0,10447,2024-06-27,7,8.37,France,P005,Product 5
1146.0,10447,2024-06-27,5,53.91,United Kingdom,P024,Product 24
1147.0,10448,2024-11-05,3,49.9,Germany,P014,Product 14
1147.0,10448,2024-11-05,2,47.12,Germany,P001,Product 1
1147.0,10448,2024-11-05,6,15.95,France,P016,Product 16
1147.0,10449,2025-01-18,3,47.81,United Kingdom,P008,Product 8
1147.0,10450,2024-12-23,8,47.12,France,P001,Product 1
1147.0,10451,2024-09-06,4,28.27,United Kingdom,P015,Product 15
1147.0,10451,2024-09-06,4,15.95,Germany,P016,Product 16
1147.0,10452,2024-10-29,4,14.09,Germany,P026,Product 26
1147.0,10452,2024-10-29,2,47.81,United Kingdom,P008,Product 8
1147.0,10452,2024-10-29,7,53.91,France,P024,Product 24
1148.0,10453,2025-03-27,1,15.95,France,P016,Product 16
1148.0,10453,2025-03-27,3,29.6,United Kingdom,P027,Product 27
1149.0,10454,2025-02-02,2,6.64,United Kingdom,P018,Product 18
1149.0,10454,2025-02-02,5,49.9,United Kingdom,P014,Product 14
1149.0,10455,2025-03-02,9,6.64,United Kingdom,P018,Product 18
1150.0,10456,2024-11-09,8,58.33,Germany,P023,Product 23
1151.0,10457,2025-01-30,1,23.21,France,P022,Product 22
1151.0,10457,2025-01-30,5,41.93,France,P030,Product 30
1151.0,10457,2025-01-30,1,28.27,United Kingdom,P015,Product 15
1151.0,10457,2025-01-30,6,58.61,France,P006,Product 6
1152.0,10458,2024-12-28,4,39.0,Germany,P020,Product 20
1152.0,10458,2024-12-28,7,46.21,France,P021,Product 21
1152.0,10458,2024-12-28,6,15.95,United Kingdom,P016,Product 16
1152.0,10459,2024-11-20,9,47.12,Germany,P001,Product 1
1152.0,10459,2024-11-20,5,51.94,United Kingdom,P003,Product 3
1152.0,10460,2024-12-06,8,14.09,France,P026,Product 26
1152.0,10461,2024-09-27,8,10.3,United Kingdom,P009,Product 9
1152.0,10462,2025-01-13,2,28.02,France,P002,Product 2
1153.0,10463,2025-01-23,5,47.81,United Kingdom,P008,Product 8
1153.0,10463,2025-01-23,8,28.27,United Kingdom,P015,Product 15
1153.0,10463,2025-01-23,1,51.94,Germany,P003,Product 3
1153.0,10464,2024-12-30,7,28.67,United Kingdom,P010,Product 10
1153.0,10464,2024-12-30,7,46.38,France,P007,Product 7
1153.0,10465,2025-02-26,7,29.6,United Kingdom,P027,Product 27
1153.0,10465,2025-02-26,5,55.83,France,P012,Product 12
1153.0,10465,2025-02-26,3,49.9,France,P014,Product 14
1154.0,10466,2025-08-11,7,6.64,France,P018,Product 18
1154.0,10466,2025-08-11,4,24.14,France,P011,Product 11
1154.0,10466,2025-08-11,1,47.37,Germany,P025,Product 25
1154.0,10467,2025-06-29,6,49.9,Germany,P014,Product 14
1154.0,10468,2025-04-02,6,39.0,France,P020,Product 20
1154.0,10468,2025-04-02,8,47.81,United Kingdom,P008,Product 8
1155.0,10469,2025-05-31,2,29.6,France,P027,Product 27
1156.0,10470,2024-08-20,7,15.95,Germany,P016,Product 16
1156.0,10470,2024-08-20,3,34.61,Germany,P017,Product 17
1157.0,10471,2024-08-12,9,39.0,France,P020,Product 20
1157.0,10471,2024-08-12,9,6.64,France,P018,Product 18
1157.0,10471,2024-08-12,1,28.02,Germany,P002,Product 2
1158.0,10472,2024-06-20,5,42.75,Germany,P004,Product 4
1158.0,10472,2024-06-20,2,46.21,France,P021,Product 21
1158.0,10472,2024-06-20,7,46.38,France,P007,Product 7
1158.0,10473,2024-07-14,4,28.27,Germany,P015,Product 15
1158.0,10473,2024-07-14,1,50.17,United Kingdom,P019,Product 19
1158.0,10473,2024-07-14,8,29.6,Germany,P027,Product 27
1158.0,10474,2024-07-28,4,58.33,Germany,P023,Product 23
1158.0,10474,2024-07-28,8,39.7,United Kingdom,P013,Product 13
1158.0,10474,2024-07-28,6,47.81,United Kingdom,P008,Product 8
1158.0,10475,2024-05-25,8,50.17,Germany,P019,Product 19
1158.0,10475,2024-05-25,3,39.0,Germany,P020,Product 20
1158.0,10475,2024-05-25,7,55.83,United Kingdom,P012,Product 12
1158.0,10475,2024-05-25,9,24.14,Germany,P011,Product 11
1158.0,10476,2024-09-07,7,47.12,Germany,P001,Product 1
1158.0,10476,2024-09-07,2,55.83,United Kingdom,P012,Product 12
1158.0,10476,2024-09-07,5,23.21,United Kingdom,P022,Product 22
1158.0,10476,2024-09-07,4,58.61,Germany,P006,Product 6
1159.0,10477,2025-04-17,7,10.3,Germany,P009,Product 9
1159.0,10477,2025-04-17,9,5.5,Germany,P028,Product 28
1159.0,10477,2025-04-17,1,15.95,United Kingdom,P016,Product 16
1159.0,10478,2025-06-11,2,5.5,France,P028,Product 28
1160.0,10479,2024-05-22,1,28.67,United Kingdom,P010,Product 10
1160.0,10479,2024-05-22,2,15.95,United Kingdom,P016,Product 16
1161.0,10480,2024-04-15,2,34.61,Germany,P017,Product 17
1161.0,10480,2024-04-15,1,49.9,Germany,P014,Product 14
1161.0,10481,2024-08-07,2,23.21,United Kingdom,P022,Product 22
1161.0,10481,2024-08-07,8,42.75,France,P004,Product 4
1162.0,10482,2025-02-22,4,5.5,United Kingdom,P028,Product 28
1162.0,10482,2025-02-22,8,51.94,Germany,P003,Product 3
1162.0,10482,2025-02-22,6,23.21,Germany,P022,Product 22
1162.0,10483,2024-11-25,2,5.5,Germany,P028,Product 28
1162.0,10483,2024-11-25,9,39.7,Germany,P013,Product 13
1162.0,10484,2025-01-10,4,41.93,France,P030,Product 30
1162.0,10484,2025-01-10,4,50.17,Germany,P019,Product 19
1162.0,10484,2025-01-10,6,10.3,France,P009,Product 9
1163.0,10485,2025-05-12,2,46.21,Germany,P021,Product 21
1163.0,10486,2025-06-14,3,47.37,United Kingdom,P025,Product 25
1164.0,10487,2025-05-26,2,34.61,United Kingdom,P017,Product 17
1164.0,10487,2025-05-26,7,11.79,Germany,P029,Product 29
1164.0,10487,2025-05-26,1,23.21,United Kingdom,P022,Product 22
1165.0,10488,2025-01-27,6,49.9,Germany,P014,Product 14
1165.0,10488,2025-01-27,2,24.14,France,P011,Product 11
1165.0,10488,2025-01-27,6,41.93,France,P030,Product 30
1165.0,10489,2025-04-21,9,41.93,United Kingdom,P030,Product 30
1165.0,10489,2025-04-21,6,50.17,United Kingdom,P019,Product 19
1165.0,10489,2025-04-21,2,49.9,France,P014,Product 14
1165.0,10489,2025-04-21,8,58.33,United Kingdom,P023,Product 23
1165.0,10490,2024-12-07,3,10.3,Germany,P009,Product 9
1165.0,10490,2024-12-07,8,29.6,United Kingdom,P027,Product 27
1165.0,10490,2024-12-07,9,8.37,Germany,P005,Product 5
1165.0,10490,2024-12-07,8,39.0,France,P020,Product 20
1166.0,10491,2024-04-25,9,28.27,France,P015,Product 15
1166.0,10492,2024-06-24,7,24.14,United Kingdom,P011,Product 11
1166.0,10493,2024-06-25,3,28.67,France,P010,Product 10
1166.0,10494,2024-09-03,6,53.91,France,P024,Product 24
1166.0,10495,2024-09-03,6,58.33,United Kingdom,P023,Product 23
1167.0,10496,2024-07-17,6,10.3,France,P009,Product 9
1167.0,10496,2024-07-17,2,47.37,United Kingdom,P025,Product 25
1167.0,10497,2024-08-10,3,39.0,United Kingdom,P020,Product 20
1168.0,10498,2024-11-04,7,53.91,France,P024,Product 24
1168.0,10498,2024-11-04,2,58.61,France,P006,Product 6
1168.0,10499,2024-09-08,6,10.3,United Kingdom,P009,Product 9
1168.0,10499,2024-09-08,1,6.64,France,P018,Product 18
1168.0,10499,2024-09-08,3,8.37,Germany,P005,Product 5
1168.0,10499,2024-09-08,1,47.37,France,P025,Product 25
1169.0,10500,2024-11-29,3,58.33,France,P023,Product 23
1169.0,10500,2024-11-29,5,34.61,France,P017,Product 17
1169.0,10500,2024-11-29,6,5.5,United Kingdom,P028,Product 28
1170.0,10501,2024-10-05,9,14.09,France,P026,Product 26
1170.0,10502,2024-09-29,3,6.64,France,P018,Product 18
1170.0,10502,2024-09-29,1,53.91,United Kingdom,P024,Product 24
1170.0,10502,2024-09-29,4,50.17,France,P019,Product 19
1170.0,10503,2025-01-08,7,28.67,United Kingdom,P010,Product 10
1170.0,10503,2025-01-08,3,42.75,United Kingdom,P004,Product 4
1170.0,10503,2025-01-08,9,28.27,Germany,P015,Product 15
1171.0,10504,2025-05-21,9,14.09,United Kingdom,P026,Product 26
1171.0,10504,2025-05-21,1,23.21,Germany,P022,Product 22
1171.0,10505,2025-04-14,4,55.83,France,P012,Product 12
1171.0,10505,2025-04-14,6,46.38,Germany,P007,Product 7
1171.0,10506,2025-03-07,3,28.67,France,P010,Product 10
1171.0,10506,2025-03-07,8,39.7,United Kingdom,P013,Product 13
1171.0,10506,2025-03-07,6,8.37,Germany,P005,Product 5
1172.0,10507,2024-09-29,3,55.83,Germany,P012,Product 12
1172.0,10508,2024-09-02,2,41.93,France,P030,Product 30
1172.0,10509,2024-11-29,6,28.67,France,P010,Product 10
1172.0,10509,2024-11-29,4,47.12,United Kingdom,P001,Product 1
1172.0,10509,2024-11-29,9,14.09,France,P026,Product 26
1172.0,10510,2024-12-07,2,39.7,France,P013,Product 13
1172.0,10510,2024-12-07,2,55.83,Germany,P012,Product 12
1172.0,10511,2024-09-17,8,29.6,Germany,P027,Product 27
1172.0,10511,2024-09-17,1,53.91,France,P024,Product 24
1172.0,10511,2024-09-17,6,39.0,United Kingdom,P020,Product 20
1173.0,10512,2025-07-31,2,50.17,France,P019,Product 19
1173.0,10512,2025-07-31,2,49.9,Germany,P014,Product 14
1173.0,10513,2025-04-15,8,6.64,Germany,P018,Product 18
1173.0,10514,2025-03-22,8,8.37,United Kingdom,P005,Product 5
1174.0,10515,2024-12-31,7,58.61,United Kingdom,P006,Product 6
1174.0,10515,2024-12-31,5,50.17,United Kingdom,P019,Product 19
1174.0,10516,2024-07-22,1,29.6,France,P027,Product 27
1174.0,10516,2024-07-22,1,47.37,France,P025,Product 25
1174.0,10516,2024-07-22,6,51.94,Germany,P003,Product 3
1175.0,10517,2024-04-22,3,11.79,France,P029,Product 29
1175.0,10517,2024-04-22,8,46.38,France,P007,Product 7
1175.0,10517,2024-04-22,5,41.93,United Kingdom,P030,Product 30
1175.0,10517,2024-04-22,9,47.81,United Kingdom,P008,Product 8
1175.0,10518,2024-03-27,9,23.21,Germany,P022,Product 22
1175.0,10518,2024-03-27,8,34.61,United Kingdom,P017,Product 17
1175.0,10519,2024-06-16,4,14.09,France,P026,Product 26
1176.0,10520,2024-06-01,6,28.67,United Kingdom,P010,Product 10
1176.0,10520,2024-06-01,2,51.94,United Kingdom,P003,Product 3
1177.0,10521,2025-11-08,7,11.79,France,P029,Product 29
1178.0,10522,2024-09-28,1,39.0,France,P020,Product 20
1178.0,10522,2024-09-28,3,28.67,United Kingdom,P010,Product 10
1178.0,10522,2024-09-28,7,46.21,United Kingdom,P021,Product 21
1178.0,10523,2024-08-11,6,47.12,United Kingdom,P001,Product 1
1178.0,10523,2024-08-11,2,34.61,France,P017,Product 17
1178.0,10523,2024-08-11,7,39.0,France,P020,Product 20
1178.0,10524,2024-07-23,8,5.5,Germany,P028,Product 28
1178.0,10524,2024-07-23,1,47.81,United Kingdom,P008,Product 8
1178.0,10524,2024-07-23,7,8.37,United Kingdom,P005,Product 5
1178.0,10524,2024-07-23,3,50.17,Germany,P019,Product 19
1179.0,10525,2024-06-08,5,39.7,United Kingdom,P013,Product 13
1179.0,10525,2024-06-08,7,42.75,United Kingdom,P004,Product 4
1179.0,10525,2024-06-08,3,29.6,France,P027,Product 27
1179.0,10526,2024-08-15,4,53.91,United Kingdom,P024,Product 24
1179.0,10526,2024-08-15,3,28.02,Germany,P002,Product 2
1179.0,10526,2024-08-15,2,34.61,Germany,P017,Product 17
1179.0,10526,2024-08-15,9,15.95,United Kingdom,P016,Product 16
1179.0,10527,2024-05-27,1,53.91,France,P024,Product 24
1179.0,10527,2024-05-27,1,39.7,France,P013,Product 13
1180.0,10528,2024-08-21,3,47.12,Germany,P001,Product 1
1180.0,10528,2024-08-21,8,8.37,United Kingdom,P005,Product 5
1181.0,10529,2024-09-03,8,51.94,United Kingdom,P003,Product 3
1181.0,10530,2024-12-19,2,41.93,United Kingdom,P030,Product 30
1181.0,10530,2024-12-19,7,10.3,United Kingdom,P009,Product 9
1181.0,10530,2024-12-19,6,58.33,United Kingdom,P023,Product 23
1181.0,10530,2024-12-19,7,39.7,United Kingdom,P013,Product 13
1182.0,10531,2024-05-28,6,47.37,United Kingdom,P025,Product 25
1183.0,10532,2025-07-17,1,11.79,United Kingdom,P029,Product 29
1183.0,10532,2025-07-17,8,15.95,France,P016,Product 16
1183.0,10532,2025-07-17,4,28.27,France,P015,Product 15
1183.0,10533,2025-06-16,6,15.95,France,P016,Product 16
1183.0,10534,2025-10-30,2,53.91,United Kingdom,P024,Product 24
1183.0,10534,2025-10-30,1,28.27,France,P015,Product 15
1184.0,10535,2024-03-10,1,34.61,United Kingdom,P017,Product 17
1184.0,10535,2024-03-10,5,10.3,Germany,P009,Product 9
1184.0,10535,2024-03-10,7,42.75,United Kingdom,P004,Product 4
1184.0,10535,2024-03-10,6,8.37,France,P005,Product 5
1184.0,10536,2024-04-22,6,6.64,United Kingdom,P018,Product 18
1184.0,10536,2024-04-22,6,34.61,France,P017,Product 17
1184.0,10537,2024-05-19,9,10.3,France,P009,Product 9
1184.0,10537,2024-05-19,4,5.5,United Kingdom,P028,Product 28
1184.0,10537,2024-05-19,1,14.09,United Kingdom,P026,Product 26
1184.0,10537,2024-05-19,1,53.91,United Kingdom,P024,Product 24
1185.0,10538,2024-06-20,8,58.61,France,P006,Product 6
1185.0,10538,2024-06-20,6,23.21,France,P022,Product 22
1186.0,10539,2024-05-04,3,6.64,United Kingdom,P018,Product 18
1186.0,10539,2024-05-04,3,47.12,France,P001,Product 1
1186.0,10540,2024-05-08,2,41.93,United Kingdom,P030,Product 30
1186.0,10540,2024-05-08,8,47.12,France,P001,Product 1
1186.0,10540,2024-05-08,9,58.33,France,P023,Product 23
1186.0,10541,2024-06-11,6,10.3,Germany,P009,Product 9
1187.0,10542,2024-10-30,5,42.75,Germany,P004,Product 4
1187.0,10543,2024-10-05,3,8.37,United Kingdom,P005,Product 5
1187.0,10543,2024-10-05,3,42.75,Germany,P004,Product 4
1187.0,10543,2024-10-05,7,47.12,United Kingdom,P001,Product 1
1188.0,10544,2025-05-31,8,58.33,Germany,P023,Product 23
1188.0,10544,2025-05-31,3,10.3,Germany,P009,Product 9
1188.0,10544,2025-05-31,3,14.09,France,P026,Product 26
1188.0,10545,2025-04-10,3,41.93,France,P030,Product 30
1188.0,10545,2025-04-10,5,10.3,France,P009,Product 9
1188.0,10545,2025-04-10,1,49.9,United Kingdom,P014,Product 14
1188.0,10545,2025-04-10,8,42.75,United Kingdom,P004,Product 4
1188.0,10546,2025-01-08,2,47.81,France,P008,Product 8
1188.0,10546,2025-01-08,3,34.61,United Kingdom,P017,Product 17
1188.0,10546,2025-01-08,1,58.61,Germany,P006,Product 6
1188.0,10546,2025-01-08,8,10.3,Germany,P009,Product 9
1189.0,10547,2024-03-16,3,41.93,Germany,P030,Product 30
1189.0,10547,2024-03-16,2,28.67,Germany,P010,Product 10
1189.0,10547,2024-03-16,7,5.5,France,P028,Product 28
1189.0,10547,2024-03-16,6,46.21,France,P021,Product 21
1190.0,10548,2025-03-22,9,8.37,United Kingdom,P005,Product 5
1190.0,10548,2025-03-22,6,15.95,Germany,P016,Product 16
1190.0,10549,2025-01-19,3,28.02,United Kingdom,P002,Product 2
1191.0,10550,2024-07-19,1,8.37,United Kingdom,P005,Product 5
1191.0,10550,2024-07-19,4,47.12,Germany,P001,Product 1
1191.0,10550,2024-07-19,4,50.17,Germany,P019,Product 19
1192.0,10551,2025-05-02,9,28.27,Germany,P015,Product 15
1192.0,10551,2025-05-02,7,46.38,France,P007,Product 7
1192.0,10552,2025-04-23,5,47.12,United Kingdom,P001,Product 1
1192.0,10552,2025-04-23,8,39.7,France,P013,Product 13
1192.0,10552,2025-04-23,1,42.75,France,P004,Product 4
1192.0,10552,2025-04-23,4,8.37,United Kingdom,P005,Product 5
1192.0,10553,2025-07-08,1,46.38,Germany,P007,Product 7
1193.0,10554,2024-12-09,3,15.95,Germany,P016,Product 16
1193.0,10554,2024-12-09,1,23.21,United Kingdom,P022,Product 22
1193.0,10554,2024-12-09,7,29.6,France,P027,Product 27
1193.0,10554,2024-12-09,1,34.61,United Kingdom,P017,Product 17
1194.0,10555,2024-04-14,4,41.93,France,P030,Product 30
1194.0,10556,2024-06-22,5,47.37,Germany,P025,Product 25
1195.0,10557,2024-09-17,8,14.09,Germany,P026,Product 26
1195.0,10558,2024-07-31,9,51.94,Germany,P003,Product 3
1196.0,10559,2024-06-11,4,49.9,United Kingdom,P014,Product 14
1197.0,10560,2024-10-17,8,15.95,Germany,P016,Product 16
1197.0,10560,2024-10-17,2,29.6,United Kingdom,P027,Product 27
1197.0,10560,2024-10-17,1,10.3,France,P009,Product 9
1197.0,10560,2024-10-17,5,23.21,Germany,P022,Product 22
1197.0,10561,2024-11-05,9,42.75,United Kingdom,P004,Product 4
1197.0,10561,2024-11-05,5,6.64,United Kingdom,P018,Product 18
1197.0,10561,2024-11-05,9,23.21,United Kingdom,P022,Product 22
1197.0,10561,2024-11-05,1,29.6,United Kingdom,P027,Product 27
1198.0,10562,2024-07-16,2,15.95,France,P016,Product 16
1198.0,10562,2024-07-16,8,28.27,United Kingdom,P015,Product 15
1198.0,10562,2024-07-16,2,5.5,Germany,P028,Product 28
1198.0,10563,2024-06-06,3,42.75,Germany,P004,Product 4
1198.0,10563,2024-06-06,7,6.64,United Kingdom,P018,Product 18
1198.0,10563,2024-06-06,6,47.37,Germany,P025,Product 25
1199.0,10564,2024-03-13,5,28.02,France,P002,Product 2
1199.0,10564,2024-03-13,4,14.09,Germany,P026,Product 26
1199.0,10564,2024-03-13,1,41.93,Germany,P030,Product 30
1199.0,10564,2024-03-13,9,28.27,Germany,P015,Product 15
1199.0,10565,2024-06-02,2,47.12,France,P001,Product 1
1199.0,10565,2024-06-02,5,5.5,France,P028,Product 28
1200.0,10566,2025-04-04,5,39.0,Germany,P020,Product 20
1200.0,10566,2025-04-04,2,5.5,United Kingdom,P028,Product 28
1200.0,10566,2025-04-04,8,34.61,United Kingdom,P017,Product 17
1201.0,10567,2024-12-05,8,47.12,United Kingdom,P001,Product 1
1201.0,10567,2024-12-05,7,47.81,United Kingdom,P008,Product 8
1201.0,10567,2024-12-05,1,58.33,France,P023,Product 23
1201.0,10568,2024-10-27,5,28.02,Germany,P002,Product 2
1201.0,10568,2024-10-27,9,53.91,United Kingdom,P024,Product 24
1201.0,10568,2024-10-27,8,15.95,France,P016,Product 16
1201.0,10569,2024-12-26,8,55.83,Germany,P012,Product 12
1201.0,10569,2024-12-26,7,28.27,United Kingdom,P015,Product 15
1201.0,10570,2024-12-22,1,5.5,Germany,P028,Product 28
1201.0,10570,2024-12-22,3,34.61,Germany,P017,Product 17
1201.0,10570,2024-12-22,3,42.75,Germany,P004,Product 4
1201.0,10571,2024-11-21,7,53.91,United Kingdom,P024,Product 24
1201.0,10572,2024-08-13,4,28.27,Germany,P015,Product 15
1201.0,10572,2024-08-13,2,47.81,Germany,P008,Product 8
1201.0,10572,2024-08-13,5,24.14,France,P011,Product 11
1201.0,10572,2024-08-13,1,47.37,France,P025,Product 25
1201.0,10573,2025-01-07,2,14.09,Germany,P026,Product 26
1201.0,10573,2025-01-07,9,39.7,France,P013,Product 13
1201.0,10573,2025-01-07,5,47.37,United Kingdom,P025,Product 25
1201.0,10574,2024-12-14,6,8.37,France,P005,Product 5
1201.0,10575,2024-09-30,6,49.9,Germany,P014,Product 14
1201.0,10575,2024-09-30,3,28.67,United Kingdom,P010,Product 10
1201.0,10576,2024-12-17,1,28.02,France,P002,Product 2
1201.0,10577,2024-10-06,2,29.6,Germany,P027,Product 27
1201.0,10578,2024-08-05,8,47.81,United Kingdom,P008,Product 8
1201.0,10578,2024-08-05,7,23.21,France,P022,Product 22
1201.0,10578,2024-08-05,6,39.0,Germany,P020,Product 20
1202.0,10579,2024-01-29,1,23.21,United Kingdom,P022,Product 22
1202.0,10579,2024-01-29,8,11.79,United Kingdom,P029,Product 29
1202.0,10579,2024-01-29,5,10.3,Germany,P009,Product 9
1202.0,10579,2024-01-29,8,6.64,Germany,P018,Product 18
1203.0,10580,2024-05-14,3,50.17,France,P019,Product 19
1203.0,10580,2024-05-14,9,11.79,France,P029,Product 29
1203.0,10580,2024-05-14,4,51.94,Germany,P003,Product 3
1203.0,10580,2024-05-14,5,58.33,France,P023,Product 23
1204.0,10581,2024-12-31,9,39.7,United Kingdom,P013,Product 13
1204.0,10581,2024-12-31,9,39.0,United Kingdom,P020,Product 20
1204.0,10581,2024-12-31,6,47.37,United Kingdom,P025,Product 25
1204.0,10582,2025-01-12,9,46.21,Germany,P021,Product 21
1204.0,10582,2025-01-12,5,51.94,France,P003,Product 3
1205.0,10583,2024-08-29,6,53.91,Germany,P024,Product 24
1205.0,10583,2024-08-29,3,23.21,Germany,P022,Product 22
1205.0,10584,2024-10-12,8,11.79,Germany,P029,Product 29
1205.0,10585,2024-08-04,3,42.75,France,P004,Product 4
1205.0,10585,2024-08-04,7,6.64,France,P018,Product 18
1206.0,10586,2024-09-10,9,41.93,France,P030,Product 30
1206.0,10586,2024-09-10,1,34.61,Germany,P017,Product 17
1206.0,10586,2024-09-10,7,5.5,Germany,P028,Product 28
1206.0,10586,2024-09-10,4,55.83,France,P012,Product 12
1206.0,10587,2024-10-20,7,39.7,United Kingdom,P013,Product 13
1206.0,10587,2024-10-20,9,10.3,United Kingdom,P009,Product 9
1206.0,10587,2024-10-20,9,15.95,Germany,P016,Product 16
1206.0,10588,2024-12-14,8,6.64,France,P018,Product 18
1206.0,10588,2024-12-14,5,14.09,Germany,P026,Product 26
1206.0,10588,2024-12-14,6,41.93,France,P030,Product 30
1206.0,10588,2024-12-14,8,46.21,United Kingdom,P021,Product 21
1206.0,10589,2024-10-17,4,53.91,France,P024,Product 24
1206.0,10589,2024-10-17,1,15.95,France,P016,Product 16
1206.0,10590,2024-07-29,5,41.93,United Kingdom,P030,Product 30
1206.0,10590,2024-07-29,9,47.37,United Kingdom,P025,Product 25
1207.0,10591,2024-04-09,7,53.91,Germany,P024,Product 24
1207.0,10591,2024-04-09,8,39.0,United Kingdom,P020,Product 20
1207.0,10591,2024-04-09,3,10.3,United Kingdom,P009,Product 9
1208.0,10592,2024-12-09,6,39.7,Germany,P013,Product 13
1208.0,10592,2024-12-09,4,46.38,Germany,P007,Product 7
1208.0,10592,2024-12-09,9,47.37,France,P025,Product 25
1208.0,10593,2024-08-01,8,47.81,Germany,P008,Product 8
1209.0,10594,2025-05-31,3,15.95,United Kingdom,P016,Product 16
1209.0,10594,2025-05-31,8,8.37,France,P005,Product 5
1209.0,10595,2025-07-09,5,14.09,France,P026,Product 26
1209.0,10595,2025-07-09,6,50.17,Germany,P019,Product 19
1209.0,10595,2025-07-09,1,28.27,France,P015,Product 15
1209.0,10596,2025-09-17,9,10.3,United Kingdom,P009,Product 9
1210.0,10597,2025-03-16,3,14.09,United Kingdom,P026,Product 26
1210.0,10597,2025-03-16,7,34.61,France,P017,Product 17
1210.0,10598,2025-04-08,9,28.67,Germany,P010,Product 10
1210.0,10599,2025-05-03,8,55.83,Germany,P012,Product 12
1210.0,10599,2025-05-03,3,6.64,France,P018,Product 18
1210.0,10600,2025-07-26,1,51.94,France,P003,Product 3
1210.0,10601,2025-07-04,8,34.61,France,P017,Product 17
1210.0,10601,2025-07-04,4,23.21,United Kingdom,P022,Product 22
1210.0,10601,2025-07-04,5,6.64,France,P018,Product 18
1210.0,10601,2025-07-04,8,55.83,Germany,P012,Product 12
1211.0,10602,2024-06-17,1,47.37,United Kingdom,P025,Product 25
1211.0,10602,2024-06-17,1,46.38,Germany,P007,Product 7
1211.0,10603,2024-12-03,3,29.6,Germany,P027,Product 27
1211.0,10603,2024-12-03,7,23.21,United Kingdom,P022,Product 22
1211.0,10603,2024-12-03,3,47.37,United Kingdom,P025,Product 25
1211.0,10604,2024-06-07,1,5.5,Germany,P028,Product 28
1211.0,10604,2024-06-07,2,46.38,United Kingdom,P007,Product 7
1211.0,10604,2024-06-07,3,49.9,Germany,P014,Product 14
1211.0,10605,2024-07-12,4,46.38,United Kingdom,P007,Product 7
1211.0,10605,2024-07-12,5,24.14,Germany,P011,Product 11
1211.0,10606,2024-06-09,2,11.79,France,P029,Product 29
1211.0,10606,2024-06-09,3,47.37,United Kingdom,P025,Product 25
1211.0,10606,2024-06-09,9,46.21,Germany,P021,Product 21
1211.0,10606,2024-06-09,6,34.61,United Kingdom,P017,Product 17
1212.0,10607,2024-06-24,7,50.17,France,P019,Product 19
1212.0,10607,2024-06-24,6,24.14,United Kingdom,P011,Product 11
1212.0,10607,2024-06-24,2,28.67,United Kingdom,P010,Product 10
1212.0,10607,2024-06-24,1,34.61,France,P017,Product 17
1212.0,10608,2024-11-18,3,34.61,United Kingdom,P017,Product 17
1212.0,10608,2024-11-18,6,39.7,France,P013,Product 13
1212.0,10608,2024-11-18,1,58.33,United Kingdom,P023,Product 23
1213.0,10609,2024-10-13,6,47.12,United Kingdom,P001,Product 1
1213.0,10609,2024-10-13,4,46.21,United Kingdom,P021,Product 21
1213.0,10609,2024-10-13,7,47.81,France,P008,Product 8
1213.0,10610,2024-07-11,3,55.83,Germany,P012,Product 12
1213.0,10610,2024-07-11,8,46.38,France,P007,Product 7
1214.0,10611,2024-11-19,3,15.95,France,P016,Product 16
1214.0,10611,2024-11-19,1,46.38,Germany,P007,Product 7
1215.0,10612,2024-07-25,9,28.02,United Kingdom,P002,Product 2
1215.0,10612,2024-07-25,7,28.27,Germany,P015,Product 15
1215.0,10612,2024-07-25,3,46.38,United Kingdom,P007,Product 7
1215.0,10612,2024-07-25,4,41.93,Germany,P030,Product 30
1215.0,10613,2024-05-03,1,41.93,Germany,P030,Product 30
1215.0,10613,2024-05-03,8,42.75,Germany,P004,Product 4
1216.0,10614,2025-07-19,9,24.14,France,P011,Product 11
1217.0,10615,2025-08-04,1,11.79,United Kingdom,P029,Product 29
1217.0,10615,2025-08-04,9,10.3,Germany,P009,Product 9
1217.0,10615,2025-08-04,7,29.6,Germany,P027,Product 27
1217.0,10615,2025-08-04,1,15.95,United Kingdom,P016,Product 16
1217.0,10616,2025-07-13,4,6.64,Germany,P018,Product 18
1218.0,10617,2025-07-31,6,28.02,Germany,P002,Product 2
1218.0,10617,2025-07-31,1,39.0,France,P020,Product 20
1218.0,10618,2025-09-03,9,58.33,Germany,P023,Product 23
1218.0,10619,2025-07-19,1,28.02,United Kingdom,P002,Product 2
1218.0,10619,2025-07-19,4,6.64,France,P018,Product 18
1219.0,10620,2025-07-06,2,39.0,Germany,P020,Product 20
1219.0,10620,2025-07-06,3,34.61,United Kingdom,P017,Product 17
1219.0,10620,2025-07-06,7,5.5,France,P028,Product 28
1220.0,10621,2024-12-31,8,8.37,France,P005,Product 5
1220.0,10621,2024-12-31,8,23.21,Germany,P022,Product 22
1220.0,10621,2024-12-31,7,41.93,Germany,P030,Product 30
1220.0,10621,2024-12-31,8,5.5,France,P028,Product 28
1220.0,10622,2025-02-09,7,49.9,France,P014,Product 14
1220.0,10622,2025-02-09,2,39.0,Germany,P020,Product 20
1220.0,10622,2025-02-09,7,8.37,France,P005,Product 5
1220.0,10623,2025-01-12,7,29.6,Germany,P027,Product 27
1220.0,10623,2025-01-12,9,53.91,United Kingdom,P024,Product 24
1220.0,10623,2025-01-12,9,47.81,Germany,P008,Product 8
1220.0,10623,2025-01-12,6,6.64,Germany,P018,Product 18
1221.0,10624,2025-03-19,4,58.61,Germany,P006,Product 6
1221.0,10624,2025-03-19,2,47.81,Germany,P008,Product 8
1221.0,10624,2025-03-19,2,49.9,United Kingdom,P014,Product 14
1221.0,10624,2025-03-19,8,23.21,France,P022,Product 22
1222.0,10625,2024-10-22,3,58.61,Germany,P006,Product 6
1222.0,10625,2024-10-22,2,47.81,France,P008,Product 8
1222.0,10625,2024-10-22,1,14.09,France,P026,Product 26
1223.0,10626,2024-10-31,3,41.93,United Kingdom,P030,Product 30
1223.0,10626,2024-10-31,9,24.14,United Kingdom,P011,Product 11
1223.0,10626,2024-10-31,2,6.64,United Kingdom,P018,Product 18
1223.0,10626,2024-10-31,9,49.9,Germany,P014,Product 14
1223.0,10627,2024-11-30,8,28.67,United Kingdom,P010,Product 10
1223.0,10627,2024-11-30,4,51.94,France,P003,Product 3
1224.0,10628,2025-06-26,3,39.0,Germany,P020,Product 20
1224.0,10629,2025-07-22,8,29.6,Germany,P027,Product 27
1224.0,10629,2025-07-22,5,28.67,Germany,P010,Product 10
1224.0,10629,2025-07-22,7,46.21,Germany,P021,Product 21
1224.0,10629,2025-07-22,1,55.83,France,P012,Product 12
1225.0,10630,2025-06-11,8,28.27,United Kingdom,P015,Product 15
1225.0,10631,2025-07-30,7,46.38,France,P007,Product 7
1225.0,10631,2025-07-30,2,24.14,France,P011,Product 11
1225.0,10632,2025-05-18,4,5.5,Germany,P028,Product 28
1225.0,10633,2025-06-18,7,46.38,United Kingdom,P007,Product 7
1225.0,10634,2025-02-14,2,47.37,United Kingdom,P025,Product 25
1225.0,10635,2025-05-25,5,39.0,Germany,P020,Product 20
1225.0,10636,2025-05-12,2,55.83,United Kingdom,P012,Product 12
1225.0,10636,2025-05-12,3,47.12,Germany,P001,Product 1
1225.0,10636,2025-05-12,2,10.3,United Kingdom,P009,Product 9
1225.0,10636,2025-05-12,1,6.64,United Kingdom,P018,Product 18
1225.0,10637,2025-03-13,6,39.0,France,P020,Product 20
1225.0,10637,2025-03-13,3,53.91,France,P024,Product 24
1225.0,10638,2025-07-31,1,29.6,France,P027,Product 27
1225.0,10638,2025-07-31,4,53.91,United Kingdom,P024,Product 24
1225.0,10638,2025-07-31,4,42.75,France,P004,Product 4
1225.0,10639,2025-05-01,2,10.3,France,P009,Product 9
1225.0,10640,2025-07-07,1,50.17,Germany,P019,Product 19
1225.0,10640,2025-07-07,7,39.7,Germany,P013,Product 13
1225.0,10640,2025-07-07,5,23.21,United Kingdom,P022,Product 22
1225.0,10640,2025-07-07,3,6.64,United Kingdom,P018,Product 18
1225.0,10641,2025-04-13,8,14.09,Germany,P026,Product 26
1225.0,10641,2025-04-13,6,50.17,Germany,P019,Product 19
1225.0,10641,2025-04-13,3,41.93,United Kingdom,P030,Product 30
1225.0,10641,2025-04-13,1,6.64,Germany,P018,Product 18
1226.0,10642,2025-05-22,5,23.21,Germany,P022,Product 22
1226.0,10642,2025-05-22,1,39.7,Germany,P013,Product 13
1226.0,10642,2025-05-22,1,24.14,France,P011,Product 11
1226.0,10642,2025-05-22,9,10.3,Germany,P009,Product 9
1227.0,10643,2024-11-29,5,10.3,United Kingdom,P009,Product 9
1227.0,10643,2024-11-29,9,46.38,Germany,P007,Product 7
1227.0,10643,2024-11-29,8,51.94,Germany,P003,Product 3
1227.0,10644,2024-10-08,4,46.38,France,P007,Product 7
1227.0,10644,2024-10-08,7,47.81,Germany,P008,Product 8
1227.0,10644,2024-10-08,1,55.83,United Kingdom,P012,Product 12
1227.0,10645,2024-10-13,5,39.0,United Kingdom,P020,Product 20
1227.0,10645,2024-10-13,3,41.93,Germany,P030,Product 30
1227.0,10645,2024-10-13,1,47.12,United Kingdom,P001,Product 1
1227.0,10645,2024-10-13,2,47.37,Germany,P025,Product 25
1228.0,10646,2025-03-21,6,47.37,Germany,P025,Product 25
1228.0,10646,2025-03-21,2,42.75,United Kingdom,P004,Product 4
1228.0,10646,2025-03-21,2,8.37,France,P005,Product 5
1228.0,10646,2025-03-21,2,58.61,United Kingdom,P006,Product 6
1228.0,10647,2025-05-22,9,24.14,Germany,P011,Product 11
1228.0,10647,2025-05-22,7,23.21,France,P022,Product 22
1229.0,10648,2024-10-17,9,6.64,United Kingdom,P018,Product 18
1229.0,10649,2025-02-06,5,15.95,Germany,P016,Product 16
1229.0,10649,2025-02-06,7,55.83,Germany,P012,Product 12
1229.0,10649,2025-02-06,8,47.81,France,P008,Product 8
1229.0,10649,2025-02-06,9,14.09,Germany,P026,Product 26
1229.0,10650,2025-01-18,2,28.02,Germany,P002,Product 2
1229.0,10650,2025-01-18,2,39.7,Germany,P013,Product 13
1229.0,10651,2024-10-02,1,41.93,Germany,P030,Product 30
1229.0,10651,2024-10-02,5,23.21,France,P022,Product 22
1229.0,10651,2024-10-02,1,58.33,France,P023,Product 23
1229.0,10652,2024-11-28,5,46.21,France,P021,Product 21
1229.0,10652,2024-11-28,8,47.37,United Kingdom,P025,Product 25
1229.0,10652,2024-11-28,4,15.95,Germany,P016,Product 16
1229.0,10652,2024-11-28,4,28.27,United Kingdom,P015,Product 15
1229.0,10653,2024-10-31,4,15.95,Germany,P016,Product 16
1229.0,10653,2024-10-31,7,5.5,Germany,P028,Product 28
1229.0,10654,2024-12-04,8,14.09,United Kingdom,P026,Product 26
1229.0,10655,2024-11-08,3,28.02,Germany,P002,Product 2
1229.0,10655,2024-11-08,3,29.6,Germany,P027,Product 27
1229.0,10656,2025-01-19,6,51.94,United Kingdom,P003,Product 3
1229.0,10656,2025-01-19,5,5.5,France,P028,Product 28
1229.0,10656,2025-01-19,1,42.75,Germany,P004,Product 4
1229.0,10656,2025-01-19,5,11.79,United Kingdom,P029,Product 29
1229.0,10657,2024-10-24,4,28.67,Germany,P010,Product 10
1229.0,10657,2024-10-24,8,10.3,United Kingdom,P009,Product 9
1229.0,10658,2024-11-10,2,5.5,France,P028,Product 28
1229.0,10659,2024-10-11,2,47.37,France,P025,Product 25
1229.0,10659,2024-10-11,3,6.64,United Kingdom,P018,Product 18
1230.0,10660,2025-02-21,7,47.81,France,P008,Product 8
1230.0,10660,2025-02-21,2,39.7,United Kingdom,P013,Product 13
1230.0,10660,2025-02-21,1,42.75,Germany,P004,Product 4
1230.0,10660,2025-02-21,2,24.14,France,P011,Product 11
1230.0,10661,2025-02-28,2,28.02,United Kingdom,P002,Product 2
1230.0,10661,2025-02-28,7,55.83,France,P012,Product 12
1230.0,10661,2025-02-28,3,50.17,France,P019,Product 19
1230.0,10661,2025-02-28,4,51.94,Germany,P003,Product 3
1230.0,10662,2025-02-21,2,39.0,Germany,P020,Product 20
1230.0,10662,2025-02-21,1,28.27,United Kingdom,P015,Product 15
1230.0,10663,2025-05-29,1,41.93,Germany,P030,Product 30
1230.0,10663,2025-05-29,2,8.37,France,P005,Product 5
1230.0,10663,2025-05-29,1,15.95,Germany,P016,Product 16
1230.0,10663,2025-05-29,2,11.79,France,P029,Product 29
1230.0,10664,2025-05-04,2,51.94,United Kingdom,P003,Product 3
1230.0,10664,2025-05-04,1,41.93,Germany,P030,Product 30
1230.0,10664,2025-05-04,2,6.64,United Kingdom,P018,Product 18
1230.0,10664,2025-05-04,4,24.14,United Kingdom,P011,Product 11
1230.0,10665,2025-03-01,9,41.93,France,P030,Product 30
1230.0,10665,2025-03-01,9,28.02,Germany,P002,Product 2
1230.0,10666,2025-04-22,3,47.37,United Kingdom,P025,Product 25
1230.0,10666,2025-04-22,7,28.67,United Kingdom,P010,Product 10
1230.0,10666,2025-04-22,8,51.94,Germany,P003,Product 3
1230.0,10667,2025-06-14,7,42.75,United Kingdom,P004,Product 4
1230.0,10667,2025-06-14,4,58.61,France,P006,Product 6
1231.0,10668,2025-05-29,2,15.95,Germany,P016,Product 16
1231.0,10668,2025-05-29,2,28.02,United Kingdom,P002,Product 2
1231.0,10668,2025-05-29,6,58.61,United Kingdom,P006,Product 6
1232.0,10669,2024-06-25,3,28.27,France,P015,Product 15
1232.0,10669,2024-06-25,5,39.7,France,P013,Product 13
1232.0,10669,2024-06-25,1,34.61,United Kingdom,P017,Product 17
1232.0,10669,2024-06-25,7,28.02,France,P002,Product 2
1233.0,10670,2024-07-12,8,39.7,United Kingdom,P013,Product 13
1233.0,10670,2024-07-12,9,5.5,Germany,P028,Product 28
1234.0,10671,2025-04-05,5,5.5,United Kingdom,P028,Product 28
1234.0,10671,2025-04-05,4,50.17,France,P019,Product 19
1234.0,10672,2025-04-12,8,34.61,United Kingdom,P017,Product 17
1234.0,10673,2024-12-29,8,39.0,Germany,P020,Product 20
1234.0,10673,2024-12-29,4,28.67,United Kingdom,P010,Product 10
1235.0,10674,2025-06-19,3,50.17,Germany,P019,Product 19
1235.0,10674,2025-06-19,3,39.0,Germany,P020,Product 20
1235.0,10674,2025-06-19,3,42.75,Germany,P004,Product 4
1235.0,10674,2025-06-19,4,5.5,United Kingdom,P028,Product 28
1235.0,10675,2025-07-26,2,5.5,Germany,P028,Product 28
1235.0,10675,2025-07-26,5,58.61,Germany,P006,Product 6
1236.0,10676,2025-05-17,3,10.3,France,P009,Product 9
1236.0,10677,2025-01-09,9,47.37,France,P025,Product 25
1236.0,10677,2025-01-09,7,39.7,France,P013,Product 13
1236.0,10678,2025-01-17,2,46.38,France,P007,Product 7
1236.0,10678,2025-01-17,6,34.61,United Kingdom,P017,Product 17
1236.0,10679,2025-04-30,4,41.93,Germany,P030,Product 30
1236.0,10679,2025-04-30,6,29.6,Germany,P027,Product 27
1236.0,10679,2025-04-30,4,58.33,France,P023,Product 23
1236.0,10680,2025-01-19,8,47.12,Germany,P001,Product 1
1237.0,10681,2024-12-18,9,8.37,Germany,P005,Product 5
1237.0,10682,2024-09-23,7,10.3,United Kingdom,P009,Product 9
1237.0,10682,2024-09-23,3,28.67,Germany,P010,Product 10
1237.0,10683,2024-11-29,7,10.3,United Kingdom,P009,Product 9
1237.0,10683,2024-11-29,5,47.12,United Kingdom,P001,Product 1
1237.0,10683,2024-11-29,7,47.37,France,P025,Product 25
1237.0,10683,2024-11-29,6,15.95,France,P016,Product 16
1238.0,10684,2024-09-25,2,28.67,Germany,P010,Product 10
1239.0,10685,2024-07-10,4,14.09,Germany,P026,Product 26
1239.0,10685,2024-07-10,5,10.3,United Kingdom,P009,Product 9
1239.0,10685,2024-07-10,3,39.7,France,P013,Product 13
1239.0,10686,2024-07-20,7,11.79,United Kingdom,P029,Product 29
1239.0,10687,2024-07-30,6,28.27,France,P015,Product 15
1239.0,10687,2024-07-30,9,15.95,France,P016,Product 16
1239.0,10687,2024-07-30,6,14.09,Germany,P026,Product 26
1240.0,10688,2024-11-17,7,14.09,France,P026,Product 26
1240.0,10688,2024-11-17,5,15.95,France,P016,Product 16
1240.0,10688,2024-11-17,6,11.79,France,P029,Product 29
1240.0,10688,2024-11-17,4,28.67,Germany,P010,Product 10
1241.0,10689,2025-02-11,8,15.95,Germany,P016,Product 16
1242.0,10690,2025-03-21,2,58.33,Germany,P023,Product 23
1242.0,10690,2025-03-21,2,50.17,Germany,P019,Product 19
1242.0,10690,2025-03-21,4,46.21,United Kingdom,P021,Product 21
1242.0,10691,2024-11-20,8,47.37,Germany,P025,Product 25
1242.0,10691,2024-11-20,4,51.94,United Kingdom,P003,Product 3
1242.0,10691,2024-11-20,5,58.33,France,P023,Product 23
1242.0,10692,2024-11-04,5,55.83,Germany,P012,Product 12
1242.0,10693,2025-01-13,7,47.12,France,P001,Product 1
1242.0,10693,2025-01-13,4,28.02,United Kingdom,P002,Product 2
1242.0,10694,2025-01-11,7,15.95,Germany,P016,Product 16
1242.0,10694,2025-01-11,1,46.38,United Kingdom,P007,Product 7
1242.0,10694,2025-01-11,4,28.67,France,P010,Product 10
1242.0,10694,2025-01-11,1,49.9,United Kingdom,P014,Product 14
1242.0,10695,2025-02-28,5,46.38,Germany,P007,Product 7
1242.0,10695,2025-02-28,3,41.93,Germany,P030,Product 30
1242.0,10696,2025-04-01,1,55.83,United Kingdom,P012,Product 12
1242.0,10696,2025-04-01,7,8.37,United Kingdom,P005,Product 5
1242.0,10697,2025-04-25,5,55.83,France,P012,Product 12
1242.0,10697,2025-04-25,9,34.61,United Kingdom,P017,Product 17
1243.0,10698,2025-03-02,6,53.91,Germany,P024,Product 24
1243.0,10698,2025-03-02,6,46.21,Germany,P021,Product 21
1243.0,10699,2025-07-12,8,39.0,France,P020,Product 20
1243.0,10699,2025-07-12,4,6.64,Germany,P018,Product 18
1243.0,10699,2025-07-12,5,58.61,France,P006,Product 6
1243.0,10699,2025-07-12,9,29.6,France,P027,Product 27
1243.0,10700,2025-05-13,2,5.5,United Kingdom,P028,Product 28
1243.0,10701,2025-01-28,6,49.9,France,P014,Product 14
1243.0,10701,2025-01-28,9,46.38,United Kingdom,P007,Product 7
1243.0,10701,2025-01-28,9,39.7,Germany,P013,Product 13
1243.0,10701,2025-01-28,9,51.94,United Kingdom,P003,Product 3
1243.0,10702,2025-02-02,8,8.37,France,P005,Product 5
1243.0,10702,2025-02-02,1,42.75,United Kingdom,P004,Product 4
1243.0,10702,2025-02-02,6,50.17,United Kingdom,P019,Product 19
1243.0,10702,2025-02-02,7,14.09,France,P026,Product 26
1243.0,10703,2025-05-31,7,58.61,United Kingdom,P006,Product 6
1243.0,10704,2025-04-22,7,23.21,United Kingdom,P022,Product 22
1243.0,10704,2025-04-22,4,46.38,United Kingdom,P007,Product 7
1243.0,10705,2025-04-06,1,42.75,United Kingdom,P004,Product 4
1243.0,10705,2025-04-06,1,34.61,France,P017,Product 17
1243.0,10706,2025-03-17,9,58.61,United Kingdom,P006,Product 6
1243.0,10707,2025-05-19,7,28.67,Germany,P010,Product 10
1243.0,10707,2025-05-19,5,58.61,United Kingdom,P006,Product 6
1243.0,10708,2025-06-13,8,34.61,France,P017,Product 17
1243.0,10709,2025-05-04,7,8.37,United Kingdom,P005,Product 5
1243.0,10709,2025-05-04,5,39.7,France,P013,Product 13
1243.0,10709,2025-05-04,4,34.61,France,P017,Product 17
1243.0,10709,2025-05-04,7,29.6,United Kingdom,P027,Product 27
1244.0,10710,2024-11-27,9,53.91,France,P024,Product 24
1244.0,10710,2024-11-27,2,50.17,Germany,P019,Product 19
1244.0,10710,2024-11-27,5,39.7,Germany,P013,Product 13
1244.0,10710,2024-11-27,5,15.95,France,P016,Product 16
1244.0,10711,2025-01-11,1,14.09,France,P026,Product 26
1244.0,10711,2025-01-11,2,49.9,Germany,P014,Product 14
1245.0,10712,2025-04-27,2,8.37,Germany,P005,Product 5
1245.0,10713,2025-06-11,7,14.09,United Kingdom,P026,Product 26
1246.0,10714,2025-04-05,7,29.6,France,P027,Product 27
1246.0,10714,2025-04-05,4,10.3,United Kingdom,P009,Product 9
1246.0,10714,2025-04-05,5,11.79,France,P029,Product 29
1246.0,10715,2025-09-14,8,28.67,Germany,P010,Product 10
1246.0,10715,2025-09-14,8,39.0,United Kingdom,P020,Product 20
1246.0,10715,2025-09-14,7,28.27,Germany,P015,Product 15
1247.0,10716,2025-07-15,4,51.94,France,P003,Product 3
1247.0,10716,2025-07-15,8,47.37,France,P025,Product 25
1247.0,10716,2025-07-15,3,50.17,Germany,P019,Product 19
1247.0,10716,2025-07-15,7,46.38,France,P007,Product 7
1247.0,10717,2025-06-24,9,6.64,United Kingdom,P018,Product 18
1247.0,10717,2025-06-24,9,42.75,France,P004,Product 4
1247.0,10717,2025-06-24,9,53.91,United Kingdom,P024,Product 24
1247.0,10717,2025-06-24,6,28.67,France,P010,Product 10
1248.0,10718,2025-08-18,7,58.61,Germany,P006,Product 6
1248.0,10718,2025-08-18,5,28.02,France,P002,Product 2
1249.0,10719,2024-10-20,9,6.64,Germany,P018,Product 18
1249.0,10720,2024-10-01,9,49.9,United Kingdom,P014,Product 14
1249.0,10720,2024-10-01,4,58.33,France,P023,Product 23
1249.0,10720,2024-10-01,1,47.81,United Kingdom,P008,Product 8
1250.0,10721,2024-04-09,6,11.79,United Kingdom,P029,Product 29
1250.0,10721,2024-04-09,5,58.33,France,P023,Product 23
1250.0,10722,2024-07-29,8,47.81,France,P008,Product 8
1250.0,10723,2024-04-27,6,49.9,Germany,P014,Product 14
1251.0,10724,2025-05-22,6,6.64,France,P018,Product 18
1251.0,10724,2025-05-22,1,46.21,France,P021,Product 21
1251.0,10724,2025-05-22,2,55.83,France,P012,Product 12
1251.0,10724,2025-05-22,5,47.37,United Kingdom,P025,Product 25
1251.0,10725,2025-05-29,4,58.33,France,P023,Product 23
1251.0,10726,2025-06-29,5,50.17,United Kingdom,P019,Product 19
1251.0,10726,2025-06-29,8,11.79,France,P029,Product 29
1251.0,10726,2025-06-29,1,14.09,United Kingdom,P026,Product 26
1251.0,10726,2025-06-29,1,51.94,France,P003,Product 3
1251.0,10727,2025-05-23,7,34.61,Germany,P017,Product 17
1251.0,10727,2025-05-23,1,53.91,United Kingdom,P024,Product 24
1251.0,10727,2025-05-23,5,29.6,France,P027,Product 27
1251.0,10727,2025-05-23,4,49.9,France,P014,Product 14
1251.0,10728,2025-11-13,2,39.7,France,P013,Product 13
1251.0,10728,2025-11-13,1,15.95,France,P016,Product 16
1251.0,10728,2025-11-13,6,23.21,Germany,P022,Product 22
1251.0,10728,2025-11-13,1,47.37,Germany,P025,Product 25
1252.0,10729,2025-09-27,3,49.9,France,P014,Product 14
1252.0,10729,2025-09-27,5,10.3,France,P009,Product 9
1252.0,10729,2025-09-27,6,28.27,France,P015,Product 15
1252.0,10729,2025-09-27,9,46.21,France,P021,Product 21
1252.0,10730,2025-09-07,4,42.75,United Kingdom,P004,Product 4
1252.0,10730,2025-09-07,7,55.83,Germany,P012,Product 12
1252.0,10730,2025-09-07,1,28.27,United Kingdom,P015,Product 15
1252.0,10731,2025-10-01,5,39.7,United Kingdom,P013,Product 13
1253.0,10732,2024-05-06,7,39.7,France,P013,Product 13
1253.0,10733,2024-05-04,7,14.09,United Kingdom,P026,Product 26
1253.0,10733,2024-05-04,3,46.38,United Kingdom,P007,Product 7
1253.0,10733,2024-05-04,2,47.12,Germany,P001,Product 1
1253.0,10734,2024-04-18,7,28.67,United Kingdom,P010,Product 10
1253.0,10734,2024-04-18,6,14.09,Germany,P026,Product 26
1253.0,10734,2024-04-18,2,49.9,United Kingdom,P014,Product 14
1253.0,10734,2024-04-18,7,28.27,United Kingdom,P015,Product 15
1254.0,10735,2024-10-15,2,15.95,Germany,P016,Product 16
1254.0,10735,2024-10-15,7,49.9,Germany,P014,Product 14
1254.0,10736,2024-11-04,6,41.93,United Kingdom,P030,Product 30
1254.0,10736,2024-11-04,7,23.21,Germany,P022,Product 22
1254.0,10736,2024-11-04,9,39.0,Germany,P020,Product 20
1254.0,10736,2024-11-04,5,53.91,France,P024,Product 24
1254.0,10737,2024-12-31,2,24.14,Germany,P011,Product 11
1254.0,10737,2024-12-31,4,29.6,Germany,P027,Product 27
1255.0,10738,2024-03-09,3,50.17,France,P019,Product 19
1255.0,10739,2024-06-16,3,10.3,United Kingdom,P009,Product 9
1255.0,10739,2024-06-16,6,29.6,United Kingdom,P027,Product 27
1255.0,10739,2024-06-16,5,47.12,Germany,P001,Product 1
1255.0,10739,2024-06-16,3,28.27,United Kingdom,P015,Product 15
1255.0,10740,2024-04-01,2,34.61,United Kingdom,P017,Product 17
1255.0,10740,2024-04-01,3,24.14,United Kingdom,P011,Product 11
1255.0,10740,2024-04-01,1,47.81,France,P008,Product 8
1256.0,10741,2024-11-06,8,6.64,Germany,P018,Product 18
1256.0,10741,2024-11-06,3,23.21,United Kingdom,P022,Product 22
1256.0,10741,2024-11-06,3,24.14,Germany,P011,Product 11
1256.0,10741,2024-11-06,3,51.94,Germany,P003,Product 3
1256.0,10742,2024-06-22,7,28.67,France,P010,Product 10
1256.0,10742,2024-06-22,6,8.37,United Kingdom,P005,Product 5
1256.0,10743,2024-11-24,5,55.83,United Kingdom,P012,Product 12
1256.0,10743,2024-11-24,5,39.0,France,P020,Product 20
1256.0,10744,2024-06-18,6,14.09,France,P026,Product 26
1256.0,10745,2024-10-01,4,28.67,France,P010,Product 10
1256.0,10745,2024-10-01,2,14.09,France,P026,Product 26
1256.0,10745,2024-10-01,6,39.0,United Kingdom,P020,Product 20
1256.0,10746,2024-06-23,4,39.7,United Kingdom,P013,Product 13
1256.0,10746,2024-06-23,2,53.91,France,P024,Product 24
1256.0,10746,2024-06-23,6,23.21,United Kingdom,P022,Product 22
1256.0,10747,2024-11-17,2,6.64,Germany,P018,Product 18
1256.0,10748,2024-10-11,1,14.09,Germany,P026,Product 26
1256.0,10748,2024-10-11,1,29.6,United Kingdom,P027,Product 27
1256.0,10748,2024-10-11,9,46.38,Germany,P007,Product 7
1256.0,10748,2024-10-11,2,51.94,Germany,P003,Product 3
1257.0,10749,2024-10-22,8,41.93,Germany,P030,Product 30
1257.0,10749,2024-10-22,8,53.91,France,P024,Product 24
1257.0,10749,2024-10-22,7,39.7,United Kingdom,P013,Product 13
1258.0,10750,2025-01-05,7,58.61,United Kingdom,P006,Product 6
1258.0,10750,2025-01-05,7,58.33,Germany,P023,Product 23
1259.0,10751,2025-09-24,7,41.93,United Kingdom,P030,Product 30
1259.0,10752,2025-06-23,5,47.12,United Kingdom,P001,Product 1
1259.0,10752,2025-06-23,5,24.14,United Kingdom,P011,Product 11
1259.0,10753,2025-11-23,5,53.91,United Kingdom,P024,Product 24
1259.0,10754,2025-10-21,5,58.33,United Kingdom,P023,Product 23
1259.0,10754,2025-10-21,2,50.17,Germany,P019,Product 19
1259.0,10755,2025-09-01,7,47.37,Germany,P025,Product 25
1259.0,10755,2025-09-01,8,58.61,Germany,P006,Product 6
1259.0,10755,2025-09-01,8,55.83,France,P012,Product 12
1259.0,10755,2025-09-01,9,41.93,United Kingdom,P030,Product 30
1260.0,10756,2024-12-05,9,39.7,United Kingdom,P013,Product 13
1260.0,10756,2024-12-05,7,10.3,United Kingdom,P009,Product 9
1260.0,10756,2024-12-05,5,14.09,Germany,P026,Product 26
1260.0,10757,2025-05-06,7,55.83,France,P012,Product 12
1260.0,10757,2025-05-06,7,58.33,France,P023,Product 23
1260.0,10757,2025-05-06,3,53.91,France,P024,Product 24
1260.0,10757,2025-05-06,5,14.09,France,P026,Product 26
1261.0,10758,2025-06-10,1,15.95,United Kingdom,P016,Product 16
1261.0,10758,2025-06-10,6,47.37,Germany,P025,Product 25
1261.0,10758,2025-06-10,8,49.9,France,P014,Product 14
1261.0,10759,2025-03-17,9,24.14,United Kingdom,P011,Product 11
1262.0,10760,2024-04-16,7,24.14,France,P011,Product 11
1262.0,10760,2024-04-16,2,49.9,United Kingdom,P014,Product 14
1262.0,10760,2024-04-16,2,8.37,France,P005,Product 5
1262.0,10761,2024-07-03,7,51.94,United Kingdom,P003,Product 3
1262.0,10761,2024-07-03,1,46.38,Germany,P007,Product 7
1262.0,10762,2024-08-10,8,47.81,France,P008,Product 8
1262.0,10762,2024-08-10,5,8.37,France,P005,Product 5
1262.0,10763,2024-06-21,7,55.83,Germany,P012,Product 12
1262.0,10764,2024-10-06,6,47.12,Germany,P001,Product 1
1262.0,10764,2024-10-06,9,47.81,France,P008,Product 8
1262.0,10764,2024-10-06,2,46.38,United Kingdom,P007,Product 7
1262.0,10764,2024-10-06,6,29.6,Germany,P027,Product 27
1262.0,10765,2024-09-23,2,28.27,France,P015,Product 15
1262.0,10765,2024-09-23,4,10.3,Germany,P009,Product 9
1262.0,10765,2024-09-23,8,51.94,France,P003,Product 3
1262.0,10766,2024-05-15,8,5.5,Germany,P028,Product 28
1262.0,10766,2024-05-15,6,53.91,United Kingdom,P024,Product 24
1262.0,10767,2024-08-11,9,50.17,France,P019,Product 19
1262.0,10767,2024-08-11,7,58.33,Germany,P023,Product 23
1262.0,10767,2024-08-11,7,11.79,United Kingdom,P029,Product 29
1262.0,10768,2024-07-11,2,29.6,France,P027,Product 27
1262.0,10768,2024-07-11,8,51.94,United Kingdom,P003,Product 3
1262.0,10769,2024-09-14,2,23.21,Germany,P022,Product 22
1262.0,10769,2024-09-14,2,11.79,United Kingdom,P029,Product 29
1262.0,10770,2024-10-04,5,5.5,Germany,P028,Product 28
1262.0,10770,2024-10-04,4,58.61,France,P006,Product 6
1262.0,10770,2024-10-04,6,55.83,France,P012,Product 12
1262.0,10770,2024-10-04,4,46.38,Germany,P007,Product 7
1262.0,10771,2024-06-15,2,46.21,France,P021,Product 21
1262.0,10771,2024-06-15,1,28.67,United Kingdom,P010,Product 10
1262.0,10771,2024-06-15,9,11.79,United Kingdom,P029,Product 29
1263.0,10772,2025-04-24,3,47.37,Germany,P025,Product 25
1263.0,10772,2025-04-24,2,49.9,Germany,P014,Product 14
1263.0,10772,2025-04-24,5,46.21,Germany,P021,Product 21
1263.0,10773,2025-06-30,7,28.27,Germany,P015,Product 15
1263.0,10773,2025-06-30,9,46.38,France,P007,Product 7
1263.0,10773,2025-06-30,5,10.3,United Kingdom,P009,Product 9
1264.0,10774,2025-03-30,2,58.61,Germany,P006,Product 6
1264.0,10774,2025-03-30,6,10.3,United Kingdom,P009,Product 9
1264.0,10774,2025-03-30,5,41.93,United Kingdom,P030,Product 30
1264.0,10774,2025-03-30,7,49.9,Germany,P014,Product 14
1264.0,10775,2025-05-29,4,14.09,United Kingdom,P026,Product 26
1264.0,10776,2025-04-11,9,58.61,United Kingdom,P006,Product 6
1264.0,10777,2025-03-16,1,42.75,United Kingdom,P004,Product 4
1264.0,10778,2025-03-03,6,24.14,France,P011,Product 11
1264.0,10778,2025-03-03,7,28.02,France,P002,Product 2
1265.0,10779,2024-05-21,7,47.37,United Kingdom,P025,Product 25
1265.0,10779,2024-05-21,6,39.7,Germany,P013,Product 13
1265.0,10779,2024-05-21,8,58.61,France,P006,Product 6
1265.0,10779,2024-05-21,4,34.61,France,P017,Product 17
1265.0,10780,2024-05-02,6,41.93,Germany,P030,Product 30
1266.0,10781,2024-08-19,4,8.37,Germany,P005,Product 5
1266.0,10781,2024-08-19,8,55.83,France,P012,Product 12
1266.0,10781,2024-08-19,4,51.94,Germany,P003,Product 3
1266.0,10781,2024-08-19,8,39.7,France,P013,Product 13
1266.0,10782,2024-05-13,8,49.9,United Kingdom,P014,Product 14
1266.0,10782,2024-05-13,1,8.37,Germany,P005,Product 5
1266.0,10782,2024-05-13,7,28.67,United Kingdom,P010,Product 10
1266.0,10783,2024-03-31,2,39.7,France,P013,Product 13
1267.0,10784,2024-06-19,9,14.09,United Kingdom,P026,Product 26
1267.0,10784,2024-06-19,4,58.33,United Kingdom,P023,Product 23
1267.0,10784,2024-06-19,3,28.67,United Kingdom,P010,Product 10
1267.0,10784,2024-06-19,5,28.02,Germany,P002,Product 2
1267.0,10785,2024-07-14,8,23.21,France,P022,Product 22
1267.0,10785,2024-07-14,4,49.9,Germany,P014,Product 14
1267.0,10785,2024-07-14,4,47.12,France,P001,Product 1
1267.0,10785,2024-07-14,4,39.0,Germany,P020,Product 20
1267.0,10786,2024-03-12,7,46.38,Germany,P007,Product 7
1267.0,10786,2024-03-12,9,15.95,France,P016,Product 16
1267.0,10787,2024-04-30,8,47.37,United Kingdom,P025,Product 25
1267.0,10787,2024-04-30,5,47.81,Germany,P008,Product 8
1267.0,10787,2024-04-30,4,24.14,United Kingdom,P011,Product 11
1267.0,10787,2024-04-30,1,28.67,Germany,P010,Product 10
1267.0,10788,2024-05-05,6,50.17,United Kingdom,P019,Product 19
1267.0,10788,2024-05-05,2,39.7,France,P013,Product 13
1267.0,10788,2024-05-05,4,47.81,Germany,P008,Product 8
1267.0,10788,2024-05-05,6,46.38,United Kingdom,P007,Product 7
1267.0,10789,2024-05-12,2,39.7,Germany,P013,Product 13
1267.0,10789,2024-05-12,7,8.37,United Kingdom,P005,Product 5
1267.0,10790,2024-08-02,8,23.21,United Kingdom,P022,Product 22
1267.0,10790,2024-08-02,3,53.91,United Kingdom,P024,Product 24
1267.0,10790,2024-08-02,6,51.94,France,P003,Product 3
1267.0,10791,2024-04-24,4,28.67,France,P010,Product 10
1268.0,10792,2024-05-07,4,24.14,United Kingdom,P011,Product 11
1268.0,10792,2024-05-07,3,58.33,Germany,P023,Product 23
1268.0,10792,2024-05-07,6,47.37,United Kingdom,P025,Product 25
1268.0,10792,2024-05-07,1,23.21,United Kingdom,P022,Product 22
1269.0,10793,2025-01-20,6,28.02,Germany,P002,Product 2
1269.0,10793,2025-01-20,4,51.94,France,P003,Product 3
1269.0,10793,2025-01-20,9,46.38,United Kingdom,P007,Product 7
1270.0,10794,2025-06-15,2,24.14,Germany,P011,Product 11
1270.0,10795,2025-10-04,1,15.95,France,P016,Product 16
1270.0,10795,2025-10-04,9,58.61,United Kingdom,P006,Product 6
1270.0,10795,2025-10-04,5,39.7,France,P013,Product 13
1270.0,10795,2025-10-04,5,49.9,Germany,P014,Product 14
1271.0,10796,2025-06-10,6,39.0,United Kingdom,P020,Product 20
1271.0,10796,2025-06-10,6,10.3,France,P009,Product 9
1271.0,10797,2025-06-19,6,28.02,United Kingdom,P002,Product 2
1271.0,10797,2025-06-19,1,41.93,Germany,P030,Product 30
1271.0,10797,2025-06-19,9,39.0,United Kingdom,P020,Product 20
1272.0,10798,2025-03-14,7,58.33,Germany,P023,Product 23
1272.0,10798,2025-03-14,5,51.94,United Kingdom,P003,Product 3
1272.0,10799,2025-06-26,8,47.37,United Kingdom,P025,Product 25
1272.0,10799,2025-06-26,3,6.64,France,P018,Product 18
1272.0,10799,2025-06-26,7,46.38,Germany,P007,Product 7
1272.0,10799,2025-06-26,2,14.09,United Kingdom,P026,Product 26
1273.0,10800,2025-05-30,3,58.33,France,P023,Product 23
1273.0,10801,2025-06-24,5,46.38,Germany,P007,Product 7
1273.0,10801,2025-06-24,7,10.3,France,P009,Product 9
1273.0,10801,2025-06-24,6,58.61,France,P006,Product 6
1274.0,10802,2025-01-19,5,28.67,France,P010,Product 10
1274.0,10802,2025-01-19,9,28.02,France,P002,Product 2
1275.0,10803,2024-04-25,2,39.7,Germany,P013,Product 13
1275.0,10803,2024-04-25,2,41.93,France,P030,Product 30
1275.0,10804,2024-07-16,1,39.0,United Kingdom,P020,Product 20
1275.0,10804,2024-07-16,3,24.14,France,P011,Product 11
1275.0,10804,2024-07-16,5,5.5,France,P028,Product 28
1275.0,10805,2024-05-19,4,28.27,France,P015,Product 15
1275.0,10805,2024-05-19,9,46.21,Germany,P021,Product 21
1275.0,10805,2024-05-19,3,49.9,Germany,P014,Product 14
1275.0,10805,2024-05-19,8,24.14,United Kingdom,P011,Product 11
1276.0,10806,2025-08-22,6,6.64,France,P018,Product 18
1276.0,10806,2025-08-22,2,51.94,United Kingdom,P003,Product 3
1276.0,10806,2025-08-22,7,47.37,France,P025,Product 25
1276.0,10806,2025-08-22,8,58.61,United Kingdom,P006,Product 6
1276.0,10807,2025-08-20,2,47.37,France,P025,Product 25
1276.0,10808,2025-07-07,4,29.6,Germany,P027,Product 27
1276.0,10809,2025-10-03,4,39.7,United Kingdom,P013,Product 13
1276.0,10809,2025-10-03,3,46.21,Germany,P021,Product 21
1276.0,10810,2025-07-03,4,39.0,United Kingdom,P020,Product 20
1277.0,10811,2025-06-26,3,23.21,United Kingdom,P022,Product 22
1277.0,10811,2025-06-26,8,51.94,United Kingdom,P003,Product 3
1278.0,10812,2024-08-27,8,47.12,Germany,P001,Product 1
1278.0,10812,2024-08-27,2,6.64,France,P018,Product 18
1278.0,10812,2024-08-27,3,11.79,United Kingdom,P029,Product 29
1278.0,10813,2024-08-25,3,50.17,United Kingdom,P019,Product 19
1278.0,10813,2024-08-25,4,42.75,France,P004,Product 4
1278.0,10813,2024-08-25,6,53.91,Germany,P024,Product 24
1278.0,10813,2024-08-25,4,29.6,Germany,P027,Product 27
1279.0,10814,2024-06-24,2,39.0,Germany,P020,Product 20
1279.0,10814,2024-06-24,7,10.3,United Kingdom,P009,Product 9
1279.0,10814,2024-06-24,4,15.95,France,P016,Product 16
1279.0,10815,2024-07-16,4,8.37,Germany,P005,Product 5
1279.0,10815,2024-07-16,7,29.6,France,P027,Product 27
1279.0,10815,2024-07-16,2,6.64,France,P018,Product 18
1279.0,10816,2024-10-08,7,42.75,France,P004,Product 4
1280.0,10817,2024-09-27,3,41.93,Germany,P030,Product 30
1280.0,10818,2024-10-18,1,39.0,United Kingdom,P020,Product 20
1280.0,10818,2024-10-18,9,46.21,Germany,P021,Product 21
1280.0,10818,2024-10-18,6,47.81,France,P008,Product 8
1280.0,10819,2024-12-06,8,50.17,United Kingdom,P019,Product 19
1280.0,10819,2024-12-06,7,49.9,France,P014,Product 14
1280.0,10819,2024-12-06,6,39.0,Germany,P020,Product 20
1280.0,10819,2024-12-06,8,10.3,Germany,P009,Product 9
1280.0,10820,2024-08-21,5,46.21,United Kingdom,P021,Product 21
1280.0,10821,2024-12-21,5,46.38,United Kingdom,P007,Product 7
1280.0,10822,2024-10-08,2,14.09,France,P026,Product 26
1280.0,10822,2024-10-08,6,28.67,France,P010,Product 10
1280.0,10822,2024-10-08,1,47.37,Germany,P025,Product 25
1280.0,10822,2024-10-08,9,28.02,Germany,P002,Product 2
1280.0,10823,2024-11-26,3,23.21,Germany,P022,Product 22
1280.0,10824,2025-01-05,6,58.61,Germany,P006,Product 6
1280.0,10824,2025-01-05,3,49.9,France,P014,Product 14
1280.0,10824,2025-01-05,4,24.14,United Kingdom,P011,Product 11
1280.0,10825,2024-11-03,6,41.93,Germany,P030,Product 30
1280.0,10825,2024-11-03,2,39.0,France,P020,Product 20
1280.0,10825,2024-11-03,4,53.91,France,P024,Product 24
1280.0,10825,2024-11-03,7,6.64,France,P018,Product 18
1280.0,10826,2024-11-21,3,14.09,Germany,P026,Product 26
1280.0,10826,2024-11-21,6,58.61,France,P006,Product 6
1280.0,10826,2024-11-21,9,55.83,Germany,P012,Product 12
1280.0,10827,2024-11-07,7,28.02,Germany,P002,Product 2
1280.0,10827,2024-11-07,3,49.9,United Kingdom,P014,Product 14
1280.0,10827,2024-11-07,7,34.61,Germany,P017,Product 17
1280.0,10827,2024-11-07,3,53.91,France,P024,Product 24
1280.0,10828,2025-01-23,5,46.38,United Kingdom,P007,Product 7
1280.0,10828,2025-01-23,1,47.81,Germany,P008,Product 8
1280.0,10828,2025-01-23,7,5.5,France,P028,Product 28
1281.0,10829,2024-05-28,6,28.27,United Kingdom,P015,Product 15
1282.0,10830,2024-06-05,1,55.83,United Kingdom,P012,Product 12
1283.0,10831,2024-11-14,7,53.91,France,P024,Product 24
1283.0,10831,2024-11-14,9,51.94,Germany,P003,Product 3
1283.0,10831,2024-11-14,4,6.64,Germany,P018,Product 18
1283.0,10832,2024-11-19,8,28.27,United Kingdom,P015,Product 15
1283.0,10832,2024-11-19,9,46.38,United Kingdom,P007,Product 7
1283.0,10833,2025-04-21,2,50.17,United Kingdom,P019,Product 19
1283.0,10833,2025-04-21,6,28.67,Germany,P010,Product 10
1283.0,10833,2025-04-21,5,53.91,United Kingdom,P024,Product 24
1283.0,10833,2025-04-21,2,46.38,France,P007,Product 7
1284.0,10834,2024-06-02,5,47.37,Germany,P025,Product 25
1284.0,10834,2024-06-02,6,10.3,Germany,P009,Product 9
1285.0,10835,2024-07-30,5,34.61,Germany,P017,Product 17
1285.0,10835,2024-07-30,3,39.7,France,P013,Product 13
1285.0,10835,2024-07-30,6,5.5,United Kingdom,P028,Product 28
1285.0,10835,2024-07-30,9,24.14,United Kingdom,P011,Product 11
1286.0,10836,2025-03-08,2,47.37,United Kingdom,P025,Product 25
1286.0,10836,2025-03-08,6,50.17,Germany,P019,Product 19
1286.0,10836,2025-03-08,1,23.21,United Kingdom,P022,Product 22
1286.0,10837,2025-06-11,5,28.02,France,P002,Product 2
1286.0,10837,2025-06-11,5,58.61,Germany,P006,Product 6
1286.0,10837,2025-06-11,6,23.21,France,P022,Product 22
1286.0,10838,2025-03-07,5,14.09,Germany,P026,Product 26
1286.0,10838,2025-03-07,3,41.93,Germany,P030,Product 30
1286.0,10838,2025-03-07,3,24.14,Germany,P011,Product 11
1286.0,10839,2025-05-09,6,39.7,Germany,P013,Product 13
1286.0,10839,2025-05-09,1,28.67,United Kingdom,P010,Product 10
1286.0,10840,2024-12-20,3,53.91,United Kingdom,P024,Product 24
1286.0,10840,2024-12-20,4,28.02,France,P002,Product 2
1286.0,10840,2024-12-20,7,58.33,United Kingdom,P023,Product 23
1286.0,10840,2024-12-20,6,11.79,France,P029,Product 29
1287.0,10841,2025-10-12,2,8.37,United Kingdom,P005,Product 5
1288.0,10842,2025-01-05,6,41.93,United Kingdom,P030,Product 30
1289.0,10843,2025-08-09,5,53.91,Germany,P024,Product 24
1289.0,10843,2025-08-09,7,5.5,United Kingdom,P028,Product 28
1289.0,10843,2025-08-09,5,46.38,France,P007,Product 7
1290.0,10844,2024-12-11,6,50.17,United Kingdom,P019,Product 19
1290.0,10844,2024-12-11,7,15.95,United Kingdom,P016,Product 16
1290.0,10844,2024-12-11,9,11.79,United Kingdom,P029,Product 29
1290.0,10845,2025-01-09,9,46.38,United Kingdom,P007,Product 7
1291.0,10846,2024-10-10,5,10.3,Germany,P009,Product 9
1291.0,10846,2024-10-10,3,55.83,Germany,P012,Product 12
1291.0,10847,2024-12-03,9,49.9,Germany,P014,Product 14
1291.0,10848,2025-01-18,4,28.27,France,P015,Product 15
1291.0,10848,2025-01-18,7,55.83,France,P012,Product 12
1291.0,10848,2025-01-18,2,34.61,Germany,P017,Product 17
1291.0,10848,2025-01-18,6,46.38,Germany,P007,Product 7
1292.0,10849,2025-01-14,9,51.94,France,P003,Product 3
1292.0,10849,2025-01-14,3,15.95,France,P016,Product 16
1292.0,10849,2025-01-14,4,55.83,United Kingdom,P012,Product 12
1292.0,10849,2025-01-14,7,53.91,France,P024,Product 24
1293.0,10850,2024-07-25,8,47.12,France,P001,Product 1
1293.0,10850,2024-07-25,8,11.79,United Kingdom,P029,Product 29
1293.0,10850,2024-07-25,6,15.95,France,P016,Product 16
1293.0,10850,2024-07-25,3,46.21,France,P021,Product 21
1293.0,10851,2024-07-08,8,46.38,United Kingdom,P007,Product 7
1293.0,10851,2024-07-08,6,34.61,Germany,P017,Product 17
1293.0,10851,2024-07-08,7,53.91,France,P024,Product 24
1293.0,10851,2024-07-08,4,46.21,United Kingdom,P021,Product 21
1294.0,10852,2024-12-04,1,51.94,France,P003,Product 3
1294.0,10852,2024-12-04,2,5.5,Germany,P028,Product 28
1294.0,10853,2025-01-09,3,14.09,United Kingdom,P026,Product 26
1294.0,10853,2025-01-09,4,15.95,United Kingdom,P016,Product 16
1294.0,10853,2025-01-09,5,28.02,France,P002,Product 2
1294.0,10853,2025-01-09,5,55.83,Germany,P012,Product 12
1294.0,10854,2024-08-23,5,39.7,France,P013,Product 13
1294.0,10854,2024-08-23,2,42.75,United Kingdom,P004,Product 4
1294.0,10854,2024-08-23,9,46.38,United Kingdom,P007,Product 7
1294.0,10855,2024-12-12,5,28.67,Germany,P010,Product 10
1294.0,10856,2025-01-20,4,28.27,France,P015,Product 15
1294.0,10856,2025-01-20,7,47.81,Germany,P008,Product 8
1294.0,10856,2025-01-20,1,28.02,Germany,P002,Product 2
1294.0,10856,2025-01-20,6,49.9,United Kingdom,P014,Product 14
1295.0,10857,2025-07-23,7,47.37,Germany,P025,Product 25
1295.0,10857,2025-07-23,6,51.94,France,P003,Product 3
1295.0,10858,2025-06-24,1,39.0,France,P020,Product 20
1295.0,10858,2025-06-24,5,28.02,Germany,P002,Product 2
1296.0,10859,2024-06-29,3,39.7,Germany,P013,Product 13
1297.0,10860,2024-11-28,9,41.93,Germany,P030,Product 30
1297.0,10860,2024-11-28,2,11.79,France,P029,Product 29
1297.0,10861,2025-01-27,3,58.33,France,P023,Product 23
1297.0,10861,2025-01-27,3,50.17,United Kingdom,P019,Product 19
1297.0,10861,2025-01-27,8,10.3,United Kingdom,P009,Product 9
1298.0,10862,2025-04-19,9,5.5,United Kingdom,P028,Product 28
1298.0,10862,2025-04-19,3,53.91,United Kingdom,P024,Product 24
1298.0,10862,2025-04-19,6,28.02,United Kingdom,P002,Product 2
1298.0,10863,2024-12-15,4,5.5,Germany,P028,Product 28
1298.0,10863,2024-12-15,1,49.9,United Kingdom,P014,Product 14
1298.0,10863,2024-12-15,7,15.95,Germany,P016,Product 16
1298.0,10864,2024-12-21,3,14.09,United Kingdom,P026,Product 26
1299.0,10865,2025-05-03,2,34.61,France,P017,Product 17
1299.0,10865,2025-05-03,7,58.33,United Kingdom,P023,Product 23
1299.0,10866,2025-02-26,4,42.75,United Kingdom,P004,Product 4
1299.0,10866,2025-02-26,4,14.09,France,P026,Product 26
1299.0,10866,2025-02-26,7,41.93,United Kingdom,P030,Product 30
1299.0,10867,2025-05-05,4,39.0,United Kingdom,P020,Product 20
1299.0,10867,2025-05-05,6,8.37,United Kingdom,P005,Product 5
1299.0,10867,2025-05-05,9,14.09,United Kingdom,P026,Product 26
1299.0,10867,2025-05-05,4,46.38,France,P007,Product 7
1299.0,10868,2025-02-24,1,58.33,France,P023,Product 23
1299.0,10869,2025-04-19,6,42.75,Germany,P004,Product 4
1299.0,10869,2025-04-19,3,5.5,Germany,P028,Product 28
1299.0,10869,2025-04-19,6,46.38,United Kingdom,P007,Product 7
1299.0,10869,2025-04-19,4,58.33,United Kingdom,P023,Product 23
1299.0,10870,2025-02-09,1,28.27,Germany,P015,Product 15
1299.0,10871,2025-05-08,9,41.93,United Kingdom,P030,Product 30
1299.0,10871,2025-05-08,1,51.94,United Kingdom,P003,Product 3
1299.0,10871,2025-05-08,4,11.79,United Kingdom,P029,Product 29
1299.0,10871,2025-05-08,1,39.7,United Kingdom,P013,Product 13
1299.0,10872,2025-07-22,7,47.12,Germany,P001,Product 1
1299.0,10872,2025-07-22,6,58.61,France,P006,Product 6
1299.0,10872,2025-07-22,2,39.7,Germany,P013,Product 13
1299.0,10872,2025-07-22,1,14.09,France,P026,Product 26
1300.0,10873,2024-10-12,3,41.93,United Kingdom,P030,Product 30
1300.0,10874,2024-10-18,4,14.09,United Kingdom,P026,Product 26
1300.0,10874,2024-10-18,5,5.5,United Kingdom,P028,Product 28
1300.0,10874,2024-10-18,7,47.81,France,P008,Product 8
1300.0,10874,2024-10-18,1,49.9,Germany,P014,Product 14
1300.0,10875,2024-12-19,3,55.83,United Kingdom,P012,Product 12
1279.0,10816,2024-10-08,-2,42.75,France,P004,Product 4
,10438,2025-02-21,7,47.37,United Kingdom,P025,Product 25
1092.0,10283,not-a-date,9,6.64,France,P018,Product 18
1223.0,10626,2024-10-31,9,0.0,Germany,P014,Product 14
1171.0,10505,2025-04-14,4,55.83,France,P012,Product 12
1047.0,10142,2025-08-16,3,47.81,United Kingdom,P008,Product 8
1001.0,10001,2025-09-24,1,5.5,Germany,P028,Product 28
1001.0,10001,2025-09-24,8,28.67,United Kingdom,P010,Product 10
1001.0,10002,2025-08-04,5,46.21,United Kingdom,P021,Product 21
